norm,independence,balancement,round,test_accuracy,test_loss,train_loss,seed,lr,mm,wd
BN,iid,balanced,1.0,0.1,2.3397930754890925,4.034146800041198,0,0.01,0.5,0.0
BN,iid,balanced,2.0,0.1,2.378032138076009,3.1805685539245605,0,0.01,0.5,0.0
BN,iid,balanced,3.0,0.1213,2.4174090518227107,2.689329530715942,0,0.01,0.5,0.0
BN,iid,balanced,4.0,0.1432,2.237413922442665,2.4836682312488554,0,0.01,0.5,0.0
BN,iid,balanced,5.0,0.1741,2.1217699835572064,2.348270641565323,0,0.01,0.5,0.0
BN,iid,balanced,6.0,0.1854,2.099697503862502,2.265737993478775,0,0.01,0.5,0.0
BN,iid,balanced,7.0,0.203,2.0475026006940045,2.235082822799683,0,0.01,0.5,0.0
BN,iid,balanced,8.0,0.2162,1.9658116735989533,2.1924378538131712,0,0.01,0.5,0.0
BN,iid,balanced,9.0,0.2524,1.92051915881,2.1250507574081423,0,0.01,0.5,0.0
BN,iid,balanced,10.0,0.2511,1.9192176800739915,2.0983639960289,0,0.01,0.5,0.0
BN,iid,balanced,11.0,0.2721,1.891421886939037,2.069952859401703,0,0.01,0.5,0.0
BN,iid,balanced,12.0,0.2827,1.8552828604661968,2.039648093700409,0,0.01,0.5,0.0
BN,iid,balanced,13.0,0.3056,1.8031898918031133,2.0231297729015347,0,0.01,0.5,0.0
BN,iid,balanced,14.0,0.3148,1.789101034780092,1.9829611761569976,0,0.01,0.5,0.0
BN,iid,balanced,15.0,0.3212,1.7748403715181955,1.957060521364212,0,0.01,0.5,0.0
BN,iid,balanced,16.0,0.3183,1.7610862556892106,1.9432582654953,0,0.01,0.5,0.0
BN,iid,balanced,17.0,0.3502,1.7081392445141756,1.9181297085285185,0,0.01,0.5,0.0
BN,iid,balanced,18.0,0.353,1.705797682834577,1.907608563184738,0,0.01,0.5,0.0
BN,iid,balanced,19.0,0.3599,1.6582381287707555,1.870576408624649,0,0.01,0.5,0.0
BN,iid,balanced,20.0,0.4017,1.6277777469610866,1.8480351624488829,0,0.01,0.5,0.0
BN,iid,balanced,21.0,0.3756,1.6662557034552852,1.845012655735016,0,0.01,0.5,0.0
BN,iid,balanced,22.0,0.3934,1.6132456124583376,1.8229367096424105,0,0.01,0.5,0.0
BN,iid,balanced,23.0,0.4148,1.5760662872580034,1.814735882163048,0,0.01,0.5,0.0
BN,iid,balanced,24.0,0.4005,1.5853642934485326,1.7998898010253903,0,0.01,0.5,0.0
BN,iid,balanced,25.0,0.4308,1.5401287184485906,1.7625006847381592,0,0.01,0.5,0.0
BN,iid,balanced,26.0,0.433,1.513427799261069,1.7468034780025483,0,0.01,0.5,0.0
BN,iid,balanced,27.0,0.4341,1.522020069858696,1.7345173256397246,0,0.01,0.5,0.0
BN,iid,balanced,28.0,0.4487,1.4856233098838902,1.725368453860283,0,0.01,0.5,0.0
BN,iid,balanced,29.0,0.4709,1.4376497962806798,1.7147737749814986,0,0.01,0.5,0.0
BN,iid,balanced,30.0,0.4648,1.47269199920606,1.71752791929245,0,0.01,0.5,0.0
BN,iid,balanced,31.0,0.4594,1.4979915000215362,1.6830310267210007,0,0.01,0.5,0.0
BN,iid,balanced,32.0,0.461,1.4577541668203813,1.649902211904526,0,0.01,0.5,0.0
BN,iid,balanced,33.0,0.4739,1.4286144096640092,1.6879332206249238,0,0.01,0.5,0.0
BN,iid,balanced,34.0,0.4986,1.380944762048842,1.6513823029994967,0,0.01,0.5,0.0
BN,iid,balanced,35.0,0.4773,1.4084537889384017,1.640034281373024,0,0.01,0.5,0.0
BN,iid,balanced,36.0,0.4887,1.3879447888724412,1.6140742583274843,0,0.01,0.5,0.0
BN,iid,balanced,37.0,0.5019,1.3585613664192489,1.588028969526291,0,0.01,0.5,0.0
BN,iid,balanced,38.0,0.5076,1.342658061015455,1.5759631860256196,0,0.01,0.5,0.0
BN,iid,balanced,39.0,0.5178,1.3193406334406212,1.5831701682806014,0,0.01,0.5,0.0
BN,iid,balanced,40.0,0.5118,1.3149487489386449,1.576389584064484,0,0.01,0.5,0.0
BN,iid,balanced,41.0,0.5259,1.284130473680134,1.521075403213501,0,0.01,0.5,0.0
BN,iid,balanced,42.0,0.5317,1.2693910553485532,1.524850387811661,0,0.01,0.5,0.0
BN,iid,balanced,43.0,0.5216,1.3026788687404198,1.527154120206833,0,0.01,0.5,0.0
BN,iid,balanced,44.0,0.5388,1.2598043001150785,1.5067824357748032,0,0.01,0.5,0.0
BN,iid,balanced,45.0,0.5261,1.2763780777967428,1.5062414017915726,0,0.01,0.5,0.0
BN,iid,balanced,46.0,0.5502,1.2293925240070005,1.469858643293381,0,0.01,0.5,0.0
BN,iid,balanced,47.0,0.5523,1.2201369668863995,1.4734450163841246,0,0.01,0.5,0.0
BN,iid,balanced,48.0,0.5468,1.2255689705474466,1.4723022834062576,0,0.01,0.5,0.0
BN,iid,balanced,49.0,0.5521,1.2058252473420734,1.4427926815748218,0,0.01,0.5,0.0
BN,iid,balanced,50.0,0.5681,1.174334297451792,1.430252336382866,0,0.01,0.5,0.0
BN,noniid,balanced,1.0,0.1,2.556699381598944,2.039061404332519,0,0.01,0.5,0.0
BN,noniid,balanced,2.0,0.1,2.8944867321207552,1.6942689992636442,0,0.01,0.5,0.0
BN,noniid,balanced,3.0,0.1,2.611887841285029,1.367322836369276,0,0.01,0.5,0.0
BN,noniid,balanced,4.0,0.1345,2.507361309437812,1.148125194810331,0,0.01,0.5,0.0
BN,noniid,balanced,5.0,0.0995,2.7399824812442444,1.0081548841893673,0,0.01,0.5,0.0
BN,noniid,balanced,6.0,0.1071,2.9032693784448167,0.9034219584465027,0,0.01,0.5,0.0
BN,noniid,balanced,7.0,0.1241,2.752290405804598,0.8719943084567785,0,0.01,0.5,0.0
BN,noniid,balanced,8.0,0.1238,2.936758853212188,0.8576260039433837,0,0.01,0.5,0.0
BN,noniid,balanced,9.0,0.1451,2.804203600823125,0.8017512727975845,0,0.01,0.5,0.0
BN,noniid,balanced,10.0,0.1572,2.737720549861088,0.7475048836767674,0,0.01,0.5,0.0
BN,noniid,balanced,11.0,0.1494,2.7802023223683805,0.74535596447438,0,0.01,0.5,0.0
BN,noniid,balanced,12.0,0.141,2.7409493259236783,0.7513668337818236,0,0.01,0.5,0.0
BN,noniid,balanced,13.0,0.1476,2.669796611689314,0.7122338317036628,0,0.01,0.5,0.0
BN,noniid,balanced,14.0,0.1662,2.8116975102243544,0.710622778467834,0,0.01,0.5,0.0
BN,noniid,balanced,15.0,0.1628,2.7008681689636616,0.7185268233567477,0,0.01,0.5,0.0
BN,noniid,balanced,16.0,0.1747,3.0788046106507507,0.679045172393322,0,0.01,0.5,0.0
BN,noniid,balanced,17.0,0.1586,2.6520800741412973,0.6830937457680701,0,0.01,0.5,0.0
BN,noniid,balanced,18.0,0.1719,2.702943451796906,0.6511653994992375,0,0.01,0.5,0.0
BN,noniid,balanced,19.0,0.1653,2.82473344138906,0.6702832166105509,0,0.01,0.5,0.0
BN,noniid,balanced,20.0,0.173,4.832994575741925,0.6431451287269593,0,0.01,0.5,0.0
BN,noniid,balanced,21.0,0.1783,2.798871592630314,0.6357052944786845,0,0.01,0.5,0.0
BN,noniid,balanced,22.0,0.1654,2.953703850130492,0.656374450057745,0,0.01,0.5,0.0
BN,noniid,balanced,23.0,0.1732,2.7419397438628765,0.6257493830807507,0,0.01,0.5,0.0
BN,noniid,balanced,24.0,0.1768,2.82414757149129,0.6082936834469438,0,0.01,0.5,0.0
BN,noniid,balanced,25.0,0.1714,3.540484549124029,0.6108063316270709,0,0.01,0.5,0.0
BN,noniid,balanced,26.0,0.1758,4.916552290131774,0.6104827454164625,0,0.01,0.5,0.0
BN,noniid,balanced,27.0,0.1784,8.864182212684728,0.6108945774286985,0,0.01,0.5,0.0
BN,noniid,balanced,28.0,0.1823,6.794612525384637,0.6084413254633545,0,0.01,0.5,0.0
BN,noniid,balanced,29.0,0.1803,3.5868132235128667,0.6022310861013829,0,0.01,0.5,0.0
BN,noniid,balanced,30.0,0.183,3.0924190147013606,0.5890434816628695,0,0.01,0.5,0.0
BN,noniid,balanced,31.0,0.1816,3.663428674770307,0.6082170683294537,0,0.01,0.5,0.0
BN,noniid,balanced,32.0,0.1849,2.7166513853435275,0.5714123681783676,0,0.01,0.5,0.0
BN,noniid,balanced,33.0,0.1793,2.9407586719416363,0.5745597635284067,0,0.01,0.5,0.0
BN,noniid,balanced,34.0,0.1799,4.201185974893691,0.563449858918786,0,0.01,0.5,0.0
BN,noniid,balanced,35.0,0.1833,4.623922393291811,0.5547879047319293,0,0.01,0.5,0.0
BN,noniid,balanced,36.0,0.1856,3.314447083050692,0.5388679916821422,0,0.01,0.5,0.0
BN,noniid,balanced,37.0,0.1798,3.4482189099999925,0.5365534382052719,0,0.01,0.5,0.0
BN,noniid,balanced,38.0,0.1863,5.741824476024773,0.5480675852335989,0,0.01,0.5,0.0
BN,noniid,balanced,39.0,0.1858,4.31365111507947,0.538537029221654,0,0.01,0.5,0.0
BN,noniid,balanced,40.0,0.1874,3.043831523460678,0.5297192727178335,0,0.01,0.5,0.0
BN,noniid,balanced,41.0,0.1865,3.49996180172208,0.539218714144081,0,0.01,0.5,0.0
BN,noniid,balanced,42.0,0.1841,3.462040837806992,0.5189713757317513,0,0.01,0.5,0.0
BN,noniid,balanced,43.0,0.1884,3.126851235763936,0.4987256320491434,0,0.01,0.5,0.0
BN,noniid,balanced,44.0,0.1852,2.761677717860741,0.5099189708866179,0,0.01,0.5,0.0
BN,noniid,balanced,45.0,0.1891,3.021526400047013,0.5035027798898518,0,0.01,0.5,0.0
BN,noniid,balanced,46.0,0.1889,3.035706402380255,0.490862700227648,0,0.01,0.5,0.0
BN,noniid,balanced,47.0,0.1899,2.7173067406763005,0.512193689065054,0,0.01,0.5,0.0
BN,noniid,balanced,48.0,0.1894,2.789727829679658,0.4992841340173035,0,0.01,0.5,0.0
BN,noniid,balanced,49.0,0.1871,2.6814926877806458,0.5094173112586142,0,0.01,0.5,0.0
BN,noniid,balanced,50.0,0.1878,2.772501160826864,0.4868315748432651,0,0.01,0.5,0.0
BN,noniid,unbalanced,1.0,0.1,2.890215122247044,0.7587455811778676,0,0.01,0.5,0.0
BN,noniid,unbalanced,2.0,0.1,2.9095332924323745,0.9863158142344371,0,0.01,0.5,0.0
BN,noniid,unbalanced,3.0,0.1007,2.62578423717354,0.7973546599331893,0,0.01,0.5,0.0
BN,noniid,unbalanced,4.0,0.1042,2.921560809582094,0.6428680336365117,0,0.01,0.5,0.0
BN,noniid,unbalanced,5.0,0.1181,2.9250422187998324,0.609683863491596,0,0.01,0.5,0.0
BN,noniid,unbalanced,6.0,0.1436,2.7225184410433227,0.5888800871144049,0,0.01,0.5,0.0
BN,noniid,unbalanced,7.0,0.1445,3.2927518313444115,0.5585826811292791,0,0.01,0.5,0.0
BN,noniid,unbalanced,8.0,0.1461,2.738337332689309,0.5276172555049611,0,0.01,0.5,0.0
BN,noniid,unbalanced,9.0,0.1507,3.063269452203678,0.5176322370465254,0,0.01,0.5,0.0
BN,noniid,unbalanced,10.0,0.1667,2.8759083295170265,0.509003766695115,0,0.01,0.5,0.0
BN,noniid,unbalanced,11.0,0.1967,3.285451243195353,0.5109284651606383,0,0.01,0.5,0.0
BN,noniid,unbalanced,12.0,0.189,3.50933188124548,0.4945837290333584,0,0.01,0.5,0.0
BN,noniid,unbalanced,13.0,0.1874,2.7146774515320984,0.4917244453246628,0,0.01,0.5,0.0
BN,noniid,unbalanced,14.0,0.2056,5.299576041064685,0.4852986801876492,0,0.01,0.5,0.0
BN,noniid,unbalanced,15.0,0.2159,2.6779858764213853,0.4795803736915501,0,0.01,0.5,0.0
BN,noniid,unbalanced,16.0,0.2103,4.089226336418828,0.4644978198521033,0,0.01,0.5,0.0
BN,noniid,unbalanced,17.0,0.2003,2.915888143491141,0.4660156074515423,0,0.01,0.5,0.0
BN,noniid,unbalanced,18.0,0.2,2.70082038565527,0.4679227223139411,0,0.01,0.5,0.0
BN,noniid,unbalanced,19.0,0.1776,2.806578548648689,0.4737303439882234,0,0.01,0.5,0.0
BN,noniid,unbalanced,20.0,0.2131,2.774637753450418,0.4574590592574774,0,0.01,0.5,0.0
BN,noniid,unbalanced,21.0,0.203,3.631641988512836,0.4671536250380401,0,0.01,0.5,0.0
BN,noniid,unbalanced,22.0,0.2017,3.133676233170908,0.4525977755717467,0,0.01,0.5,0.0
BN,noniid,unbalanced,23.0,0.1846,4.506238339822503,0.4517075911594245,0,0.01,0.5,0.0
BN,noniid,unbalanced,24.0,0.2262,3.157124054582813,0.4564781683660112,0,0.01,0.5,0.0
BN,noniid,unbalanced,25.0,0.2071,3.605596201329292,0.4507809888922492,0,0.01,0.5,0.0
BN,noniid,unbalanced,26.0,0.2112,3.0434907086287875,0.4536706224707498,0,0.01,0.5,0.0
BN,noniid,unbalanced,27.0,0.226,2.837875532198556,0.449817187337787,0,0.01,0.5,0.0
BN,noniid,unbalanced,28.0,0.2017,3.4257056833822515,0.4335364520861767,0,0.01,0.5,0.0
BN,noniid,unbalanced,29.0,0.2038,3.3137294883969464,0.4351078233733108,0,0.01,0.5,0.0
BN,noniid,unbalanced,30.0,0.2035,5.746015252946298,0.4361574184800654,0,0.01,0.5,0.0
BN,noniid,unbalanced,31.0,0.2182,3.032486484020571,0.438959075020665,0,0.01,0.5,0.0
BN,noniid,unbalanced,32.0,0.2211,2.9965723768065247,0.4317894707144006,0,0.01,0.5,0.0
BN,noniid,unbalanced,33.0,0.2064,3.1599060100845144,0.4221158452199305,0,0.01,0.5,0.0
BN,noniid,unbalanced,34.0,0.2271,4.046647793130029,0.421788609097052,0,0.01,0.5,0.0
BN,noniid,unbalanced,35.0,0.2253,3.174344708647909,0.4199429497140615,0,0.01,0.5,0.0
BN,noniid,unbalanced,36.0,0.2175,3.016332608235033,0.4078496870715171,0,0.01,0.5,0.0
BN,noniid,unbalanced,37.0,0.2218,2.915140405485902,0.4110949677382402,0,0.01,0.5,0.0
BN,noniid,unbalanced,38.0,0.2262,2.8282120680507226,0.4142482780375285,0,0.01,0.5,0.0
BN,noniid,unbalanced,39.0,0.2183,2.7568601958359342,0.4222500872626357,0,0.01,0.5,0.0
BN,noniid,unbalanced,40.0,0.2308,2.7505584698689134,0.4088052444984593,0,0.01,0.5,0.0
BN,noniid,unbalanced,41.0,0.2327,2.6677787273744995,0.4361665087966636,0,0.01,0.5,0.0
BN,noniid,unbalanced,42.0,0.2228,2.8480234538452533,0.4105889054424236,0,0.01,0.5,0.0
BN,noniid,unbalanced,43.0,0.2215,4.669848825358137,0.4038432810314601,0,0.01,0.5,0.0
BN,noniid,unbalanced,44.0,0.2282,2.766844643822199,0.4015463491537181,0,0.01,0.5,0.0
BN,noniid,unbalanced,45.0,0.2264,2.913894780074494,0.3897196750230166,0,0.01,0.5,0.0
BN,noniid,unbalanced,46.0,0.2492,2.72160560269899,0.4108454388799922,0,0.01,0.5,0.0
BN,noniid,unbalanced,47.0,0.2125,2.916212290148192,0.4005116708120403,0,0.01,0.5,0.0
BN,noniid,unbalanced,48.0,0.2485,2.8527843348587614,0.3898907210660084,0,0.01,0.5,0.0
BN,noniid,unbalanced,49.0,0.2417,2.756341170661057,0.3917813426087765,0,0.01,0.5,0.0
BN,noniid,unbalanced,50.0,0.2445,2.773864797399014,0.3882138872668147,0,0.01,0.5,0.0
GN,noniid,balanced,1.0,0.1,5.870041678223429,3.247961091339588,0,0.01,0.5,0.0
GN,noniid,balanced,2.0,0.1,3.4743890792508667,1.5374638999700547,0,0.01,0.5,0.0
GN,noniid,balanced,3.0,0.0893,2.830222163019301,0.9630939969718456,0,0.01,0.5,0.0
GN,noniid,balanced,4.0,0.1,2.790487929235531,0.91714463442564,0,0.01,0.5,0.0
GN,noniid,balanced,5.0,0.1,2.82254205172575,0.8594313035607339,0,0.01,0.5,0.0
GN,noniid,balanced,6.0,0.1005,2.836883234072335,0.8345333837866784,0,0.01,0.5,0.0
GN,noniid,balanced,7.0,0.1046,2.838587398770489,0.8338076442778111,0,0.01,0.5,0.0
GN,noniid,balanced,8.0,0.1027,2.872956043557276,0.8396117421090603,0,0.01,0.5,0.0
GN,noniid,balanced,9.0,0.11,2.9783325829083407,0.8201529472470284,0,0.01,0.5,0.0
GN,noniid,balanced,10.0,0.1165,2.924392663979832,0.7861537520885469,0,0.01,0.5,0.0
GN,noniid,balanced,11.0,0.1268,2.911113684690452,0.7984004333615303,0,0.01,0.5,0.0
GN,noniid,balanced,12.0,0.1329,2.8767347064199327,0.8004665752053259,0,0.01,0.5,0.0
GN,noniid,balanced,13.0,0.1244,2.9459331941001023,0.7789439183175564,0,0.01,0.5,0.0
GN,noniid,balanced,14.0,0.1322,2.9192849925801725,0.7716321927756071,0,0.01,0.5,0.0
GN,noniid,balanced,15.0,0.1349,2.853272410887706,0.7803927574753761,0,0.01,0.5,0.0
GN,noniid,balanced,16.0,0.1266,2.9824081915843337,0.752189606308937,0,0.01,0.5,0.0
GN,noniid,balanced,17.0,0.1378,2.853898914554451,0.74849938942492,0,0.01,0.5,0.0
GN,noniid,balanced,18.0,0.1322,2.950722015356716,0.750720098912716,0,0.01,0.5,0.0
GN,noniid,balanced,19.0,0.139,2.8688210354575627,0.7384099819660188,0,0.01,0.5,0.0
GN,noniid,balanced,20.0,0.1334,2.879680509808697,0.7258360064327717,0,0.01,0.5,0.0
GN,noniid,balanced,21.0,0.137,2.912000837205332,0.7156421967446803,0,0.01,0.5,0.0
GN,noniid,balanced,22.0,0.1463,2.820099785358091,0.7180812882483005,0,0.01,0.5,0.0
GN,noniid,balanced,23.0,0.1436,2.863247841219359,0.6948916256725788,0,0.01,0.5,0.0
GN,noniid,balanced,24.0,0.1445,2.83390932143489,0.6900678314864634,0,0.01,0.5,0.0
GN,noniid,balanced,25.0,0.1477,2.8334230048747004,0.6950248922556639,0,0.01,0.5,0.0
GN,noniid,balanced,26.0,0.148,2.7807168839853023,0.6875887973755598,0,0.01,0.5,0.0
GN,noniid,balanced,27.0,0.1455,2.8085957931566843,0.6954590180218221,0,0.01,0.5,0.0
GN,noniid,balanced,28.0,0.1525,2.764355064947394,0.7038531137183309,0,0.01,0.5,0.0
GN,noniid,balanced,29.0,0.1498,2.822468072553224,0.6979238698482512,0,0.01,0.5,0.0
GN,noniid,balanced,30.0,0.1484,2.80717592299739,0.6749824858009815,0,0.01,0.5,0.0
GN,noniid,balanced,31.0,0.1474,2.82669444325604,0.6939450259283185,0,0.01,0.5,0.0
GN,noniid,balanced,32.0,0.1469,2.831742205197298,0.6759784152954816,0,0.01,0.5,0.0
GN,noniid,balanced,33.0,0.1611,2.764353809477408,0.6583808579295873,0,0.01,0.5,0.0
GN,noniid,balanced,34.0,0.1633,2.7645288630376887,0.6465725131481886,0,0.01,0.5,0.0
GN,noniid,balanced,35.0,0.1568,2.839972161039521,0.6561031955480577,0,0.01,0.5,0.0
GN,noniid,balanced,36.0,0.1669,2.783591901199727,0.6498636282980442,0,0.01,0.5,0.0
GN,noniid,balanced,37.0,0.1771,2.6920427853548072,0.6475673921853304,0,0.01,0.5,0.0
GN,noniid,balanced,38.0,0.1708,2.7061789760106727,0.6390532060712577,0,0.01,0.5,0.0
GN,noniid,balanced,39.0,0.1768,2.693547891665109,0.648444135516882,0,0.01,0.5,0.0
GN,noniid,balanced,40.0,0.1789,2.6683745625652846,0.6481429919376969,0,0.01,0.5,0.0
GN,noniid,balanced,41.0,0.1683,2.7559521892402747,0.634407899133861,0,0.01,0.5,0.0
GN,noniid,balanced,42.0,0.1835,2.6768689759169955,0.625458213172853,0,0.01,0.5,0.0
GN,noniid,balanced,43.0,0.172,2.76185062565381,0.6287942274585365,0,0.01,0.5,0.0
GN,noniid,balanced,44.0,0.1743,2.748643084417416,0.6251014429181815,0,0.01,0.5,0.0
GN,noniid,balanced,45.0,0.1735,2.811726983589462,0.6029903042614461,0,0.01,0.5,0.0
GN,noniid,balanced,46.0,0.1862,2.696837606309336,0.6091353440880776,0,0.01,0.5,0.0
GN,noniid,balanced,47.0,0.1801,2.7665109724938115,0.6258442895300685,0,0.01,0.5,0.0
GN,noniid,balanced,48.0,0.181,2.764874244038063,0.6014883876815438,0,0.01,0.5,0.0
GN,noniid,balanced,49.0,0.1864,2.712233304977417,0.6067316303029656,0,0.01,0.5,0.0
GN,noniid,balanced,50.0,0.1888,2.701938233798064,0.6124848664477467,0,0.01,0.5,0.0
GN,noniid,unbalanced,1.0,0.1,4.710981625544874,1.0663017715613048,0,0.01,0.5,0.0
GN,noniid,unbalanced,2.0,0.1,3.3943432644952702,0.94875690039502,0,0.01,0.5,0.0
GN,noniid,unbalanced,3.0,0.1083,2.58333554147165,0.6046247319701288,0,0.01,0.5,0.0
GN,noniid,unbalanced,4.0,0.1,2.676834791521483,0.5698078802982441,0,0.01,0.5,0.0
GN,noniid,unbalanced,5.0,0.102,2.6574903107896635,0.5607030877238091,0,0.01,0.5,0.0
GN,noniid,unbalanced,6.0,0.1,2.694918623453454,0.5533117551089285,0,0.01,0.5,0.0
GN,noniid,unbalanced,7.0,0.1126,2.6839747609971445,0.5400251507842428,0,0.01,0.5,0.0
GN,noniid,unbalanced,8.0,0.1269,2.6710789324362065,0.5208517292736651,0,0.01,0.5,0.0
GN,noniid,unbalanced,9.0,0.1429,2.651921088182473,0.5360017117296519,0,0.01,0.5,0.0
GN,noniid,unbalanced,10.0,0.1618,2.6294206154497366,0.5054410217200542,0,0.01,0.5,0.0
GN,noniid,unbalanced,11.0,0.1687,2.6460761963566646,0.5085513334508627,0,0.01,0.5,0.0
GN,noniid,unbalanced,12.0,0.181,2.5952007830897466,0.5014112634850025,0,0.01,0.5,0.0
GN,noniid,unbalanced,13.0,0.1829,2.608155697206908,0.5010117918134492,0,0.01,0.5,0.0
GN,noniid,unbalanced,14.0,0.1855,2.604849887799613,0.4915690012754737,0,0.01,0.5,0.0
GN,noniid,unbalanced,15.0,0.1858,2.6232353343239314,0.4967728392545396,0,0.01,0.5,0.0
GN,noniid,unbalanced,16.0,0.1986,2.588449378556843,0.4880488995362879,0,0.01,0.5,0.0
GN,noniid,unbalanced,17.0,0.1916,2.595742636089084,0.4815326206282868,0,0.01,0.5,0.0
GN,noniid,unbalanced,18.0,0.1969,2.5618475600133968,0.4859884598745363,0,0.01,0.5,0.0
GN,noniid,unbalanced,19.0,0.1918,2.5700333872927894,0.4725817798901843,0,0.01,0.5,0.0
GN,noniid,unbalanced,20.0,0.2006,2.537582901459706,0.4718769076331785,0,0.01,0.5,0.0
GN,noniid,unbalanced,21.0,0.2073,2.539412661443783,0.4693195313380832,0,0.01,0.5,0.0
GN,noniid,unbalanced,22.0,0.2017,2.568135255499731,0.4640799882575132,0,0.01,0.5,0.0
GN,noniid,unbalanced,23.0,0.2144,2.5096413545970675,0.4721823880216592,0,0.01,0.5,0.0
GN,noniid,unbalanced,24.0,0.2102,2.533042298087591,0.4736444736377355,0,0.01,0.5,0.0
GN,noniid,unbalanced,25.0,0.2068,2.5425578763213337,0.4656461757618769,0,0.01,0.5,0.0
GN,noniid,unbalanced,26.0,0.217,2.5024020038073576,0.4616108264150195,0,0.01,0.5,0.0
GN,noniid,unbalanced,27.0,0.2262,2.477543601506873,0.4499500350134622,0,0.01,0.5,0.0
GN,noniid,unbalanced,28.0,0.2202,2.5146552188486995,0.454262424209194,0,0.01,0.5,0.0
GN,noniid,unbalanced,29.0,0.2257,2.4959799820863746,0.4436003224060987,0,0.01,0.5,0.0
GN,noniid,unbalanced,30.0,0.2331,2.4549167608912987,0.4498949290022573,0,0.01,0.5,0.0
GN,noniid,unbalanced,31.0,0.2259,2.470219832432421,0.446102910714777,0,0.01,0.5,0.0
GN,noniid,unbalanced,32.0,0.2321,2.422220540952079,0.4363054259131896,0,0.01,0.5,0.0
GN,noniid,unbalanced,33.0,0.2219,2.4822099842602694,0.4373567326235935,0,0.01,0.5,0.0
GN,noniid,unbalanced,34.0,0.2312,2.45892139326168,0.4334747621517114,0,0.01,0.5,0.0
GN,noniid,unbalanced,35.0,0.2351,2.4356244364871253,0.4472056264055039,0,0.01,0.5,0.0
GN,noniid,unbalanced,36.0,0.2321,2.441518013990378,0.4297449190561213,0,0.01,0.5,0.0
GN,noniid,unbalanced,37.0,0.2354,2.452422181262245,0.4293181196856022,0,0.01,0.5,0.0
GN,noniid,unbalanced,38.0,0.2281,2.4628644140460825,0.4332813366646199,0,0.01,0.5,0.0
GN,noniid,unbalanced,39.0,0.2349,2.4393342808832097,0.4360622369217841,0,0.01,0.5,0.0
GN,noniid,unbalanced,40.0,0.2332,2.4694553900368605,0.4262327047101523,0,0.01,0.5,0.0
GN,noniid,unbalanced,41.0,0.2349,2.420351680321029,0.4387074550397785,0,0.01,0.5,0.0
GN,noniid,unbalanced,42.0,0.2346,2.445011910003952,0.4246815391423443,0,0.01,0.5,0.0
GN,noniid,unbalanced,43.0,0.2339,2.4354067044922068,0.4247225314712122,0,0.01,0.5,0.0
GN,noniid,unbalanced,44.0,0.243,2.414241594604299,0.4276056738191983,0,0.01,0.5,0.0
GN,noniid,unbalanced,45.0,0.2297,2.459163360957858,0.4197017283579383,0,0.01,0.5,0.0
GN,noniid,unbalanced,46.0,0.2392,2.404654273503944,0.4240486226548964,0,0.01,0.5,0.0
GN,noniid,unbalanced,47.0,0.2363,2.432458424869972,0.4169329657565492,0,0.01,0.5,0.0
GN,noniid,unbalanced,48.0,0.2371,2.4376050173481807,0.4142208268001268,0,0.01,0.5,0.0
GN,noniid,unbalanced,49.0,0.2387,2.4239385414727126,0.4177012518928968,0,0.01,0.5,0.0
GN,noniid,unbalanced,50.0,0.2395,2.4090838613389414,0.4196956924003898,0,0.01,0.5,0.0
GN,iid,balanced,1.0,0.1,2.435017718544489,5.844663374185562,0,0.01,0.5,0.0
GN,iid,balanced,2.0,0.1512,2.298497308658648,2.6305574233531948,0,0.01,0.5,0.0
GN,iid,balanced,3.0,0.1486,2.2760957947260216,2.4392242872715,0,0.01,0.5,0.0
GN,iid,balanced,4.0,0.1424,2.27336836766593,2.393107300043106,0,0.01,0.5,0.0
GN,iid,balanced,5.0,0.1664,2.2484489875503733,2.3767686455249786,0,0.01,0.5,0.0
GN,iid,balanced,6.0,0.1676,2.234835588479344,2.3387524843215943,0,0.01,0.5,0.0
GN,iid,balanced,7.0,0.1689,2.210193443901931,2.316857160806656,0,0.01,0.5,0.0
GN,iid,balanced,8.0,0.2064,2.165275214593622,2.283878432035446,0,0.01,0.5,0.0
GN,iid,balanced,9.0,0.1845,2.1464039962502977,2.2532051651477816,0,0.01,0.5,0.0
GN,iid,balanced,10.0,0.2044,2.1427130457721177,2.2296791872978208,0,0.01,0.5,0.0
GN,iid,balanced,11.0,0.2259,2.041354858422581,2.1889147481918334,0,0.01,0.5,0.0
GN,iid,balanced,12.0,0.2262,2.027473529682884,2.154034866809845,0,0.01,0.5,0.0
GN,iid,balanced,13.0,0.2325,2.0217673205122164,2.1361799008846285,0,0.01,0.5,0.0
GN,iid,balanced,14.0,0.2263,2.01417827757099,2.135049232959747,0,0.01,0.5,0.0
GN,iid,balanced,15.0,0.2502,1.9908693696879127,2.110073547363281,0,0.01,0.5,0.0
GN,iid,balanced,16.0,0.2504,2.0050096044057533,2.104564702272415,0,0.01,0.5,0.0
GN,iid,balanced,17.0,0.2476,1.9767472834526736,2.094577552318573,0,0.01,0.5,0.0
GN,iid,balanced,18.0,0.262,1.9708526828621007,2.089204955339432,0,0.01,0.5,0.0
GN,iid,balanced,19.0,0.2777,1.9553923033460785,2.0639473140239715,0,0.01,0.5,0.0
GN,iid,balanced,20.0,0.2491,1.990134376513807,2.066767540216446,0,0.01,0.5,0.0
GN,iid,balanced,21.0,0.2583,1.9487772440608544,2.0559224514961243,0,0.01,0.5,0.0
GN,iid,balanced,22.0,0.2696,1.944848920725569,2.0523243370056155,0,0.01,0.5,0.0
GN,iid,balanced,23.0,0.26,1.9504093143004408,2.051025936603546,0,0.01,0.5,0.0
GN,iid,balanced,24.0,0.2804,1.9317406778094133,2.0524527573585507,0,0.01,0.5,0.0
GN,iid,balanced,25.0,0.2559,1.9403207528440256,2.0310551414489746,0,0.01,0.5,0.0
GN,iid,balanced,26.0,0.258,1.9370903093603595,2.033928947687149,0,0.01,0.5,0.0
GN,iid,balanced,27.0,0.2558,1.9330533003505272,2.030907848119736,0,0.01,0.5,0.0
GN,iid,balanced,28.0,0.2922,1.9129425468324104,2.0191477651596066,0,0.01,0.5,0.0
GN,iid,balanced,29.0,0.2814,1.929298212256613,2.006887583494186,0,0.01,0.5,0.0
GN,iid,balanced,30.0,0.2848,1.917971653274343,2.0199782359600067,0,0.01,0.5,0.0
GN,iid,balanced,31.0,0.273,1.918143537980092,2.0075794041156767,0,0.01,0.5,0.0
GN,iid,balanced,32.0,0.2791,1.9091825530498845,2.0062940952777857,0,0.01,0.5,0.0
GN,iid,balanced,33.0,0.2787,1.9111975537070744,1.99521697473526,0,0.01,0.5,0.0
GN,iid,balanced,34.0,0.2762,1.9163593536690824,1.997015029907227,0,0.01,0.5,0.0
GN,iid,balanced,35.0,0.2656,1.908793309066869,1.9982482635974883,0,0.01,0.5,0.0
GN,iid,balanced,36.0,0.2857,1.8884137853791445,1.9943503100872035,0,0.01,0.5,0.0
GN,iid,balanced,37.0,0.2971,1.8857711810099929,1.986407210588456,0,0.01,0.5,0.0
GN,iid,balanced,38.0,0.2878,1.905045349386674,1.965773644208908,0,0.01,0.5,0.0
GN,iid,balanced,39.0,0.3065,1.87080310417127,1.9765815868377683,0,0.01,0.5,0.0
GN,iid,balanced,40.0,0.289,1.884473714647413,1.9593829679489128,0,0.01,0.5,0.0
GN,iid,balanced,41.0,0.2955,1.859095374240151,1.952556703090668,0,0.01,0.5,0.0
GN,iid,balanced,42.0,0.3134,1.855298096620584,1.9461792352199552,0,0.01,0.5,0.0
GN,iid,balanced,43.0,0.3069,1.860576179963124,1.9542102084159847,0,0.01,0.5,0.0
GN,iid,balanced,44.0,0.3118,1.8417957432662384,1.9459396467208865,0,0.01,0.5,0.0
GN,iid,balanced,45.0,0.2944,1.8632843947108788,1.9474780039787287,0,0.01,0.5,0.0
GN,iid,balanced,46.0,0.3124,1.828329392626316,1.9386589422225955,0,0.01,0.5,0.0
GN,iid,balanced,47.0,0.3256,1.8337960092327263,1.932321311950684,0,0.01,0.5,0.0
GN,iid,balanced,48.0,0.305,1.8511710740342928,1.9318751926422124,0,0.01,0.5,0.0
GN,iid,balanced,49.0,0.3189,1.8330341924594928,1.9247115981578824,0,0.01,0.5,0.0
GN,iid,balanced,50.0,0.3256,1.823090900348712,1.919266134977341,0,0.01,0.5,0.0
BN,iid,balanced,1.0,0.0986,2.3421299276472647,4.097609832525253,128,0.01,0.5,0.0
BN,iid,balanced,2.0,0.111,2.3694966956029964,3.189017323970795,128,0.01,0.5,0.0
BN,iid,balanced,3.0,0.1238,2.3947936039936693,2.738886975765228,128,0.01,0.5,0.0
BN,iid,balanced,4.0,0.1582,2.2260905670214304,2.5304805371761323,128,0.01,0.5,0.0
BN,iid,balanced,5.0,0.2094,2.067633093157901,2.4039833102226256,128,0.01,0.5,0.0
BN,iid,balanced,6.0,0.2098,2.0226469869855084,2.3225560414791104,128,0.01,0.5,0.0
BN,iid,balanced,7.0,0.2154,2.005146654346321,2.2691143777370453,128,0.01,0.5,0.0
BN,iid,balanced,8.0,0.2315,1.979147948796236,2.2263406376838684,128,0.01,0.5,0.0
BN,iid,balanced,9.0,0.2025,1.9625796260713024,2.1858504185676577,128,0.01,0.5,0.0
BN,iid,balanced,10.0,0.2589,1.924355236789848,2.137030580997467,128,0.01,0.5,0.0
BN,iid,balanced,11.0,0.2143,1.948383334316785,2.122435559272766,128,0.01,0.5,0.0
BN,iid,balanced,12.0,0.2324,1.937951671926281,2.081301743745804,128,0.01,0.5,0.0
BN,iid,balanced,13.0,0.2453,1.90451424936705,2.0622753298282626,128,0.01,0.5,0.0
BN,iid,balanced,14.0,0.2541,1.9375224747235265,2.036798686265945,128,0.01,0.5,0.0
BN,iid,balanced,15.0,0.294,1.7827395774141144,2.0114456520080566,128,0.01,0.5,0.0
BN,iid,balanced,16.0,0.2332,1.929134417183792,2.018963443994522,128,0.01,0.5,0.0
BN,iid,balanced,17.0,0.2565,1.8571705727637569,1.988028923749924,128,0.01,0.5,0.0
BN,iid,balanced,18.0,0.3285,1.7612012549291682,1.954533245563507,128,0.01,0.5,0.0
BN,iid,balanced,19.0,0.3417,1.736391674114179,1.9277380197048188,128,0.01,0.5,0.0
BN,iid,balanced,20.0,0.3606,1.699898496458802,1.91832363152504,128,0.01,0.5,0.0
BN,iid,balanced,21.0,0.349,1.6992251767387874,1.8917198231220245,128,0.01,0.5,0.0
BN,iid,balanced,22.0,0.3466,1.6807380763790276,1.8820189304351804,128,0.01,0.5,0.0
BN,iid,balanced,23.0,0.3635,1.6666499149950245,1.85562080526352,128,0.01,0.5,0.0
BN,iid,balanced,24.0,0.3368,1.7186122544204132,1.8395141239166264,128,0.01,0.5,0.0
BN,iid,balanced,25.0,0.3951,1.6264629243295403,1.824636740207672,128,0.01,0.5,0.0
BN,iid,balanced,26.0,0.3843,1.608680018895789,1.8187267315387723,128,0.01,0.5,0.0
BN,iid,balanced,27.0,0.4092,1.58072764360452,1.789894043445587,128,0.01,0.5,0.0
BN,iid,balanced,28.0,0.4162,1.5659740137148508,1.7580886025428772,128,0.01,0.5,0.0
BN,iid,balanced,29.0,0.4239,1.5599588683888883,1.7630227222442625,128,0.01,0.5,0.0
BN,iid,balanced,30.0,0.4408,1.5050123809259148,1.7352787840366362,128,0.01,0.5,0.0
BN,iid,balanced,31.0,0.4419,1.4916114973116523,1.7137289254665375,128,0.01,0.5,0.0
BN,iid,balanced,32.0,0.4216,1.5277240291426453,1.6951010394096375,128,0.01,0.5,0.0
BN,iid,balanced,33.0,0.464,1.4735821726955944,1.6827351604700087,128,0.01,0.5,0.0
BN,iid,balanced,34.0,0.4639,1.44884779634355,1.6784137798547747,128,0.01,0.5,0.0
BN,iid,balanced,35.0,0.4474,1.5047677287572547,1.6833274224996564,128,0.01,0.5,0.0
BN,iid,balanced,36.0,0.4821,1.3824999528595163,1.6216211457252503,128,0.01,0.5,0.0
BN,iid,balanced,37.0,0.4941,1.3702700379528576,1.6272568155527114,128,0.01,0.5,0.0
BN,iid,balanced,38.0,0.5029,1.3604230986365788,1.6239919041395183,128,0.01,0.5,0.0
BN,iid,balanced,39.0,0.5069,1.3374015379555615,1.591538701057434,128,0.01,0.5,0.0
BN,iid,balanced,40.0,0.4981,1.3423885755901095,1.6033812985420226,128,0.01,0.5,0.0
BN,iid,balanced,41.0,0.5033,1.3430795669555664,1.5665510268211364,128,0.01,0.5,0.0
BN,iid,balanced,42.0,0.4941,1.3468681936022602,1.5591515306234358,128,0.01,0.5,0.0
BN,iid,balanced,43.0,0.5238,1.2745374078992049,1.5377597324848176,128,0.01,0.5,0.0
BN,iid,balanced,44.0,0.5095,1.3220027413549302,1.5541046155691145,128,0.01,0.5,0.0
BN,iid,balanced,45.0,0.5278,1.2813700030121622,1.5358692153692246,128,0.01,0.5,0.0
BN,iid,balanced,46.0,0.5367,1.252327920515326,1.498909012198448,128,0.01,0.5,0.0
BN,iid,balanced,47.0,0.5365,1.2292047799388064,1.4905488001108167,128,0.01,0.5,0.0
BN,iid,balanced,48.0,0.5169,1.3033477656448944,1.4845457864999771,128,0.01,0.5,0.0
BN,iid,balanced,49.0,0.5486,1.2224160100840316,1.4500360152721403,128,0.01,0.5,0.0
BN,iid,balanced,50.0,0.5421,1.2274853987029837,1.4677717905044554,128,0.01,0.5,0.0
BN,noniid,unbalanced,1.0,0.1,3.19288088098357,0.7620311821081172,128,0.01,0.5,0.0
BN,noniid,unbalanced,2.0,0.1,3.2950538049770306,1.145066957666345,128,0.01,0.5,0.0
BN,noniid,unbalanced,3.0,0.1435,2.6256147396715384,1.078877405328456,128,0.01,0.5,0.0
BN,noniid,unbalanced,4.0,0.118,2.7166860133786743,0.7765082200146474,128,0.01,0.5,0.0
BN,noniid,unbalanced,5.0,0.162,2.656419008593016,0.6471498724699098,128,0.01,0.5,0.0
BN,noniid,unbalanced,6.0,0.1603,3.0782112200048903,0.582093129149056,128,0.01,0.5,0.0
BN,noniid,unbalanced,7.0,0.1709,2.7149575148956684,0.5678465694025703,128,0.01,0.5,0.0
BN,noniid,unbalanced,8.0,0.1681,3.041957951799224,0.5356521859649801,128,0.01,0.5,0.0
BN,noniid,unbalanced,9.0,0.2045,2.6208570365664325,0.5545401084206727,128,0.01,0.5,0.0
BN,noniid,unbalanced,10.0,0.1887,2.8896398634850224,0.5282115222345359,128,0.01,0.5,0.0
BN,noniid,unbalanced,11.0,0.206,3.8610625206669673,0.518956273672365,128,0.01,0.5,0.0
BN,noniid,unbalanced,12.0,0.1777,3.2075969026058533,0.4902898069032623,128,0.01,0.5,0.0
BN,noniid,unbalanced,13.0,0.2204,4.019820315928399,0.4855400570555647,128,0.01,0.5,0.0
BN,noniid,unbalanced,14.0,0.2304,3.494067937512941,0.4793987479483864,128,0.01,0.5,0.0
BN,noniid,unbalanced,15.0,0.237,3.232357867156403,0.4714946934282779,128,0.01,0.5,0.0
BN,noniid,unbalanced,16.0,0.2331,3.4887011926385423,0.4707798881615357,128,0.01,0.5,0.0
BN,noniid,unbalanced,17.0,0.2347,2.752034733567057,0.4895645909913583,128,0.01,0.5,0.0
BN,noniid,unbalanced,18.0,0.2345,3.3489663661280766,0.4717237526425645,128,0.01,0.5,0.0
BN,noniid,unbalanced,19.0,0.257,2.6079443496993826,0.4554557169396042,128,0.01,0.5,0.0
BN,noniid,unbalanced,20.0,0.2525,2.8948876767218867,0.4555175716724868,128,0.01,0.5,0.0
BN,noniid,unbalanced,21.0,0.2524,2.6492930545082576,0.4477898102983211,128,0.01,0.5,0.0
BN,noniid,unbalanced,22.0,0.2539,2.6298209745672683,0.4461433415699284,128,0.01,0.5,0.0
BN,noniid,unbalanced,23.0,0.2523,3.738480803332752,0.4362075695855697,128,0.01,0.5,0.0
BN,noniid,unbalanced,24.0,0.2657,3.006237751320948,0.4247662183695162,128,0.01,0.5,0.0
BN,noniid,unbalanced,25.0,0.2565,3.251641862000091,0.4280876192706636,128,0.01,0.5,0.0
BN,noniid,unbalanced,26.0,0.2804,2.8051960709728774,0.425162737316452,128,0.01,0.5,0.0
BN,noniid,unbalanced,27.0,0.2672,2.702279954016963,0.4135591980647295,128,0.01,0.5,0.0
BN,noniid,unbalanced,28.0,0.2748,3.158249405365956,0.4173120283194197,128,0.01,0.5,0.0
BN,noniid,unbalanced,29.0,0.2736,2.609378790553612,0.4027918849778362,128,0.01,0.5,0.0
BN,noniid,unbalanced,30.0,0.2771,2.536321866361401,0.4177610547249205,128,0.01,0.5,0.0
BN,noniid,unbalanced,31.0,0.2743,2.5194449032409283,0.4134844224326467,128,0.01,0.5,0.0
BN,noniid,unbalanced,32.0,0.2896,2.5379970948907395,0.3982110696390348,128,0.01,0.5,0.0
BN,noniid,unbalanced,33.0,0.2967,2.482926567898521,0.3866227258677439,128,0.01,0.5,0.0
BN,noniid,unbalanced,34.0,0.2972,2.483268330368815,0.3879308974909751,128,0.01,0.5,0.0
BN,noniid,unbalanced,35.0,0.3035,2.456932366648807,0.3776605351070563,128,0.01,0.5,0.0
BN,noniid,unbalanced,36.0,0.2943,2.490665743622599,0.3739390432821431,128,0.01,0.5,0.0
BN,noniid,unbalanced,37.0,0.2973,2.4501496085637733,0.3796875879149107,128,0.01,0.5,0.0
BN,noniid,unbalanced,38.0,0.2912,2.528133823901792,0.3744283659063124,128,0.01,0.5,0.0
BN,noniid,unbalanced,39.0,0.296,2.47895005383069,0.384347054269708,128,0.01,0.5,0.0
BN,noniid,unbalanced,40.0,0.2905,2.4843253123609323,0.3633400755332162,128,0.01,0.5,0.0
BN,noniid,unbalanced,41.0,0.31,2.4691214833078505,0.3600973584080736,128,0.01,0.5,0.0
BN,noniid,unbalanced,42.0,0.3005,2.497408275362812,0.3564026928759801,128,0.01,0.5,0.0
BN,noniid,unbalanced,43.0,0.3031,2.490231124660637,0.3653749980257513,128,0.01,0.5,0.0
BN,noniid,unbalanced,44.0,0.2937,2.507118086271648,0.3559948704525596,128,0.01,0.5,0.0
BN,noniid,unbalanced,45.0,0.3036,2.524142069152639,0.3485374162982528,128,0.01,0.5,0.0
BN,noniid,unbalanced,46.0,0.3144,2.456476193440112,0.3429624359119528,128,0.01,0.5,0.0
BN,noniid,unbalanced,47.0,0.3209,2.4363668840142747,0.3505640984592028,128,0.01,0.5,0.0
BN,noniid,unbalanced,48.0,0.3071,2.4820222009586383,0.3449436814585546,128,0.01,0.5,0.0
BN,noniid,unbalanced,49.0,0.315,2.416358241552039,0.3405292199950976,128,0.01,0.5,0.0
BN,noniid,unbalanced,50.0,0.3169,2.439827454241016,0.3271166759932336,128,0.01,0.5,0.0
BN,noniid,balanced,1.0,0.1,2.435820063458213,1.7920864756322672,128,0.01,0.5,0.0
BN,noniid,balanced,2.0,0.1,3.0611802565900583,1.583898671154225,128,0.01,0.5,0.0
BN,noniid,balanced,3.0,0.1,3.0226648397083524,1.2969271427614149,128,0.01,0.5,0.0
BN,noniid,balanced,4.0,0.1,3.0703328953513616,1.1049009314353462,128,0.01,0.5,0.0
BN,noniid,balanced,5.0,0.1,3.254854181144811,0.9252130228420428,128,0.01,0.5,0.0
BN,noniid,balanced,6.0,0.1,3.3569508504263963,0.8803014031865167,128,0.01,0.5,0.0
BN,noniid,balanced,7.0,0.1,3.541017770767212,0.8309294535281371,128,0.01,0.5,0.0
BN,noniid,balanced,8.0,0.111,3.504736372187168,0.7900489058644308,128,0.01,0.5,0.0
BN,noniid,balanced,9.0,0.1286,3.712145560904394,0.7351833449702243,128,0.01,0.5,0.0
BN,noniid,balanced,10.0,0.1112,3.5419811659221407,0.7621355336028499,128,0.01,0.5,0.0
BN,noniid,balanced,11.0,0.1373,3.459188868727865,0.7249701839527697,128,0.01,0.5,0.0
BN,noniid,balanced,12.0,0.1199,4.545977529091172,0.688267846831528,128,0.01,0.5,0.0
BN,noniid,balanced,13.0,0.1266,3.800043773047532,0.6880680175630259,128,0.01,0.5,0.0
BN,noniid,balanced,14.0,0.1286,3.457979380329953,0.7100684280828573,128,0.01,0.5,0.0
BN,noniid,balanced,15.0,0.1249,3.4878158871131606,0.6397858483187155,128,0.01,0.5,0.0
BN,noniid,balanced,16.0,0.1457,3.445570840111261,0.6539314990002895,128,0.01,0.5,0.0
BN,noniid,balanced,17.0,0.1338,3.6944949144049537,0.6542209956413718,128,0.01,0.5,0.0
BN,noniid,balanced,18.0,0.1606,3.4653967724570744,0.6348578222866635,128,0.01,0.5,0.0
BN,noniid,balanced,19.0,0.1338,3.5156665663175946,0.6152684625868569,128,0.01,0.5,0.0
BN,noniid,balanced,20.0,0.1423,3.56887799576868,0.6063791574930437,128,0.01,0.5,0.0
BN,noniid,balanced,21.0,0.1617,3.87043347539781,0.6001917365667178,128,0.01,0.5,0.0
BN,noniid,balanced,22.0,0.1715,3.867359245879741,0.6220455995751253,128,0.01,0.5,0.0
BN,noniid,balanced,23.0,0.1488,3.5052899891817115,0.5954312412180698,128,0.01,0.5,0.0
BN,noniid,balanced,24.0,0.1457,3.5242617100099976,0.573253508249065,128,0.01,0.5,0.0
BN,noniid,balanced,25.0,0.1475,3.586669043649601,0.5820621478125104,128,0.01,0.5,0.0
BN,noniid,balanced,26.0,0.1476,3.727012103116965,0.5565130618141847,128,0.01,0.5,0.0
BN,noniid,balanced,27.0,0.1384,3.499774984166592,0.5706871545135509,128,0.01,0.5,0.0
BN,noniid,balanced,28.0,0.1561,3.762022839316839,0.5485839528663782,128,0.01,0.5,0.0
BN,noniid,balanced,29.0,0.1703,3.594193986699551,0.5490354379019701,128,0.01,0.5,0.0
BN,noniid,balanced,30.0,0.1596,3.5171299735202064,0.5428234337156173,128,0.01,0.5,0.0
BN,noniid,balanced,31.0,0.1624,3.747822399380841,0.5564556576584,128,0.01,0.5,0.0
BN,noniid,balanced,32.0,0.1765,3.857540589344653,0.5438714426964871,128,0.01,0.5,0.0
BN,noniid,balanced,33.0,0.1692,4.081845926333077,0.5484280741453403,128,0.01,0.5,0.0
BN,noniid,balanced,34.0,0.1635,3.503975349136545,0.5534360002807807,128,0.01,0.5,0.0
BN,noniid,balanced,35.0,0.1553,3.8341546269911753,0.5403208664035192,128,0.01,0.5,0.0
BN,noniid,balanced,36.0,0.1755,3.483176602592951,0.5359329712740146,128,0.01,0.5,0.0
BN,noniid,balanced,37.0,0.1623,3.584436968912052,0.5567674412634224,128,0.01,0.5,0.0
BN,noniid,balanced,38.0,0.1749,3.5790184690982483,0.5347855087962234,128,0.01,0.5,0.0
BN,noniid,balanced,39.0,0.1566,3.5169342047051537,0.5377806200587657,128,0.01,0.5,0.0
BN,noniid,balanced,40.0,0.1804,3.615491215186783,0.5285780663477053,128,0.01,0.5,0.0
BN,noniid,balanced,41.0,0.1751,3.640078028546104,0.5280812130999983,128,0.01,0.5,0.0
BN,noniid,balanced,42.0,0.15,3.717040861709208,0.5575937542125466,128,0.01,0.5,0.0
BN,noniid,balanced,43.0,0.1756,3.6025937388214886,0.5133618338415982,128,0.01,0.5,0.0
BN,noniid,balanced,44.0,0.1892,3.5307534042792983,0.5241614513133536,128,0.01,0.5,0.0
BN,noniid,balanced,45.0,0.1662,3.617959589897832,0.5112502039932879,128,0.01,0.5,0.0
BN,noniid,balanced,46.0,0.1867,3.5710866753059096,0.485713561828481,128,0.01,0.5,0.0
BN,noniid,balanced,47.0,0.1769,3.484052893481677,0.5054085302485618,128,0.01,0.5,0.0
BN,noniid,balanced,48.0,0.1906,3.488238920139361,0.5013547744806855,128,0.01,0.5,0.0
BN,noniid,balanced,49.0,0.2005,3.5473383559456355,0.4815849922352936,128,0.01,0.5,0.0
BN,noniid,balanced,50.0,0.1826,3.5688348148442524,0.5121127718125936,128,0.01,0.5,0.0
BN,iid,balanced,1.0,0.1,2.3295866175542903,4.200112223386765,479,0.01,0.5,0.0
BN,iid,balanced,2.0,0.1,2.382792780670939,3.2233460588455203,479,0.01,0.5,0.0
BN,iid,balanced,3.0,0.1226,2.34005234211306,2.796553592443467,479,0.01,0.5,0.0
BN,iid,balanced,4.0,0.1604,2.191764061964011,2.5200359971523283,479,0.01,0.5,0.0
BN,iid,balanced,5.0,0.1827,2.094198023216634,2.403864345788956,479,0.01,0.5,0.0
BN,iid,balanced,6.0,0.1885,2.104323320750949,2.302052623271942,479,0.01,0.5,0.0
BN,iid,balanced,7.0,0.2121,2.007837583747091,2.2846628334522245,479,0.01,0.5,0.0
BN,iid,balanced,8.0,0.2422,1.9644368932216985,2.212640243768692,479,0.01,0.5,0.0
BN,iid,balanced,9.0,0.2386,1.9341467437864857,2.1638928112983704,479,0.01,0.5,0.0
BN,iid,balanced,10.0,0.256,1.9144671491429777,2.120148354291916,479,0.01,0.5,0.0
BN,iid,balanced,11.0,0.2556,2.046516252469413,2.1070527846813203,479,0.01,0.5,0.0
BN,iid,balanced,12.0,0.2659,1.9109740015826648,2.0731214251518253,479,0.01,0.5,0.0
BN,iid,balanced,13.0,0.3023,1.8454810878898524,2.0303189389705656,479,0.01,0.5,0.0
BN,iid,balanced,14.0,0.3096,1.7933325495900987,2.0226175482273105,479,0.01,0.5,0.0
BN,iid,balanced,15.0,0.2686,1.8287681567518017,1.9947665884494783,479,0.01,0.5,0.0
BN,iid,balanced,16.0,0.3224,1.7766152590135984,1.9885398960113527,479,0.01,0.5,0.0
BN,iid,balanced,17.0,0.3075,1.7707885292511951,1.957918167352676,479,0.01,0.5,0.0
BN,iid,balanced,18.0,0.3193,1.750785776331455,1.9442698855400085,479,0.01,0.5,0.0
BN,iid,balanced,19.0,0.3512,1.6992749730242958,1.9047925477027887,479,0.01,0.5,0.0
BN,iid,balanced,20.0,0.3541,1.6882140908060197,1.8974945538043968,479,0.01,0.5,0.0
BN,iid,balanced,21.0,0.3686,1.6942049913768529,1.8684330899715424,479,0.01,0.5,0.0
BN,iid,balanced,22.0,0.3943,1.6459079573426063,1.846569935321808,479,0.01,0.5,0.0
BN,iid,balanced,23.0,0.3962,1.6582810305341888,1.8318669269084928,479,0.01,0.5,0.0
BN,iid,balanced,24.0,0.3853,1.6311800268631946,1.8241496801376345,479,0.01,0.5,0.0
BN,iid,balanced,25.0,0.3842,1.6426504473142989,1.79714164352417,479,0.01,0.5,0.0
BN,iid,balanced,26.0,0.4087,1.5776418055160135,1.795924044847489,479,0.01,0.5,0.0
BN,iid,balanced,27.0,0.4193,1.5808242906498005,1.7853030366897582,479,0.01,0.5,0.0
BN,iid,balanced,28.0,0.4109,1.598547395271591,1.7656169289350507,479,0.01,0.5,0.0
BN,iid,balanced,29.0,0.4103,1.58041675634022,1.773099098324776,479,0.01,0.5,0.0
BN,iid,balanced,30.0,0.4175,1.5338658547099633,1.756468054771423,479,0.01,0.5,0.0
BN,iid,balanced,31.0,0.4501,1.4747408205949808,1.7393626577854158,479,0.01,0.5,0.0
BN,iid,balanced,32.0,0.4458,1.494079026994826,1.698252785205841,479,0.01,0.5,0.0
BN,iid,balanced,33.0,0.4545,1.463362628900552,1.700166200041771,479,0.01,0.5,0.0
BN,iid,balanced,34.0,0.4602,1.4923816934416565,1.6976534618139263,479,0.01,0.5,0.0
BN,iid,balanced,35.0,0.4606,1.5279419452329226,1.6628554883003233,479,0.01,0.5,0.0
BN,iid,balanced,36.0,0.4943,1.4030256890043429,1.6457261047363283,479,0.01,0.5,0.0
BN,iid,balanced,37.0,0.4933,1.47588213938701,1.6545060346126554,479,0.01,0.5,0.0
BN,iid,balanced,38.0,0.4905,1.4058168990702569,1.6510784679651258,479,0.01,0.5,0.0
BN,iid,balanced,39.0,0.496,1.3886237325547617,1.6231812282800675,479,0.01,0.5,0.0
BN,iid,balanced,40.0,0.499,1.421665781660925,1.6117923502922058,479,0.01,0.5,0.0
BN,iid,balanced,41.0,0.5075,1.4008313477793826,1.5894758774042128,479,0.01,0.5,0.0
BN,iid,balanced,42.0,0.5053,1.4918479738356192,1.579287534594536,479,0.01,0.5,0.0
BN,iid,balanced,43.0,0.5175,1.7506178813644602,1.5640635977983477,479,0.01,0.5,0.0
BN,iid,balanced,44.0,0.5281,1.303805536861661,1.57305925321579,479,0.01,0.5,0.0
BN,iid,balanced,45.0,0.5331,1.2878502999679953,1.5416753643751149,479,0.01,0.5,0.0
BN,iid,balanced,46.0,0.544,1.2649353410624251,1.5527332913875582,479,0.01,0.5,0.0
BN,iid,balanced,47.0,0.5447,1.2730875000169006,1.5208369398117063,479,0.01,0.5,0.0
BN,iid,balanced,48.0,0.5596,1.2336729508412034,1.5046346449851988,479,0.01,0.5,0.0
BN,iid,balanced,49.0,0.5562,1.2266344858121268,1.4904397386312485,479,0.01,0.5,0.0
BN,iid,balanced,50.0,0.5463,1.2515223795854593,1.4874138721227648,479,0.01,0.5,0.0
BN,noniid,unbalanced,1.0,0.1,2.660398634174202,1.578140405352905,479,0.01,0.5,0.0
BN,noniid,unbalanced,2.0,0.1,2.682523670075815,1.29718378233416,479,0.01,0.5,0.0
BN,noniid,unbalanced,3.0,0.1133,2.621196632143817,0.9792135861282,479,0.01,0.5,0.0
BN,noniid,unbalanced,4.0,0.1522,2.623666014852403,0.8077760248722121,479,0.01,0.5,0.0
BN,noniid,unbalanced,5.0,0.1694,2.719701009460642,0.7050432465461162,479,0.01,0.5,0.0
BN,noniid,unbalanced,6.0,0.2023,2.524108796180049,0.6866914030735691,479,0.01,0.5,0.0
BN,noniid,unbalanced,7.0,0.2315,2.548955591419075,0.6479106907277795,479,0.01,0.5,0.0
BN,noniid,unbalanced,8.0,0.2261,2.70542542843879,0.6110162925432593,479,0.01,0.5,0.0
BN,noniid,unbalanced,9.0,0.236,2.545619877078865,0.6142541985921095,479,0.01,0.5,0.0
BN,noniid,unbalanced,10.0,0.2379,2.5881303413004817,0.5959049032669358,479,0.01,0.5,0.0
BN,noniid,unbalanced,11.0,0.2649,2.543284853802452,0.5808829682826899,479,0.01,0.5,0.0
BN,noniid,unbalanced,12.0,0.2718,2.5365405293959604,0.5739507431178585,479,0.01,0.5,0.0
BN,noniid,unbalanced,13.0,0.2746,2.499371531643445,0.5463796147224184,479,0.01,0.5,0.0
BN,noniid,unbalanced,14.0,0.2788,2.596328204191184,0.5535034825176466,479,0.01,0.5,0.0
BN,noniid,unbalanced,15.0,0.2869,2.4727108659623545,0.5319122996990413,479,0.01,0.5,0.0
BN,noniid,unbalanced,16.0,0.3141,2.467912809758247,0.5400462046195909,479,0.01,0.5,0.0
BN,noniid,unbalanced,17.0,0.309,2.4665053041675424,0.5339044646893939,479,0.01,0.5,0.0
BN,noniid,unbalanced,18.0,0.3153,2.456771329988407,0.5133872396708465,479,0.01,0.5,0.0
BN,noniid,unbalanced,19.0,0.3037,2.4656339627278,0.5180107246190929,479,0.01,0.5,0.0
BN,noniid,unbalanced,20.0,0.3169,2.475626592394672,0.5145705490440751,479,0.01,0.5,0.0
BN,noniid,unbalanced,21.0,0.3307,2.516527728189396,0.5001883875680622,479,0.01,0.5,0.0
BN,noniid,unbalanced,22.0,0.361,2.3939890061752704,0.505605994349237,479,0.01,0.5,0.0
BN,noniid,unbalanced,23.0,0.3255,2.487143987341772,0.4695106836741169,479,0.01,0.5,0.0
BN,noniid,unbalanced,24.0,0.3333,2.4933500953867465,0.4849763662735465,479,0.01,0.5,0.0
BN,noniid,unbalanced,25.0,0.3659,2.547986374625677,0.4676850823160105,479,0.01,0.5,0.0
BN,noniid,unbalanced,26.0,0.3361,2.625477081612696,0.478668813304634,479,0.01,0.5,0.0
BN,noniid,unbalanced,27.0,0.3658,2.6024763946291767,0.4721091808939507,479,0.01,0.5,0.0
BN,noniid,unbalanced,28.0,0.3453,2.468279059929184,0.4657215640341164,479,0.01,0.5,0.0
BN,noniid,unbalanced,29.0,0.355,2.501878398883192,0.4619924119898117,479,0.01,0.5,0.0
BN,noniid,unbalanced,30.0,0.373,2.4540274218667912,0.4539576816602609,479,0.01,0.5,0.0
BN,noniid,unbalanced,31.0,0.3539,2.517262132861946,0.4461331119196101,479,0.01,0.5,0.0
BN,noniid,unbalanced,32.0,0.3593,2.473346316361729,0.4507335647997756,479,0.01,0.5,0.0
BN,noniid,unbalanced,33.0,0.362,2.427979095072686,0.4338781988896274,479,0.01,0.5,0.0
BN,noniid,unbalanced,34.0,0.3715,2.4124397446837604,0.4437978202225795,479,0.01,0.5,0.0
BN,noniid,unbalanced,35.0,0.3789,2.415122347542002,0.4347733525992371,479,0.01,0.5,0.0
BN,noniid,unbalanced,36.0,0.3795,2.479829954195626,0.429282115222824,479,0.01,0.5,0.0
BN,noniid,unbalanced,37.0,0.3656,2.4880787315247934,0.4453132592306006,479,0.01,0.5,0.0
BN,noniid,unbalanced,38.0,0.3719,2.469063443473623,0.4205738234372809,479,0.01,0.5,0.0
BN,noniid,unbalanced,39.0,0.3874,2.412191727493383,0.403925264303262,479,0.01,0.5,0.0
BN,noniid,unbalanced,40.0,0.3777,2.4376366877857643,0.4231612551922289,479,0.01,0.5,0.0
BN,noniid,unbalanced,41.0,0.3919,2.38674452938611,0.4213638728218153,479,0.01,0.5,0.0
BN,noniid,unbalanced,42.0,0.399,2.409635687176185,0.4182570990402873,479,0.01,0.5,0.0
BN,noniid,unbalanced,43.0,0.399,2.409808359568632,0.3916111617104926,479,0.01,0.5,0.0
BN,noniid,unbalanced,44.0,0.4022,2.411303643938861,0.3906701295557432,479,0.01,0.5,0.0
BN,noniid,unbalanced,45.0,0.3973,2.3512204613866685,0.3939400767682275,479,0.01,0.5,0.0
BN,noniid,unbalanced,46.0,0.4038,2.4129399574255643,0.3729837765642131,479,0.01,0.5,0.0
BN,noniid,unbalanced,47.0,0.4203,2.3901508488232577,0.3767744747343473,479,0.01,0.5,0.0
BN,noniid,unbalanced,48.0,0.408,2.5268611696702017,0.3813582854780368,479,0.01,0.5,0.0
BN,noniid,unbalanced,49.0,0.4181,2.424604169930084,0.3800120433244544,479,0.01,0.5,0.0
BN,noniid,unbalanced,50.0,0.4246,2.3804010469702224,0.3828139340856656,479,0.01,0.5,0.0
BN,noniid,balanced,1.0,0.1,2.816986485372616,1.5947756039440448,479,0.01,0.5,0.0
BN,noniid,balanced,2.0,0.1,2.8167494701433786,1.3921450651433576,479,0.01,0.5,0.0
BN,noniid,balanced,3.0,0.1055,2.5358136575433274,1.1968954742465283,479,0.01,0.5,0.0
BN,noniid,balanced,4.0,0.1011,2.495615974257264,0.8943350829854898,479,0.01,0.5,0.0
BN,noniid,balanced,5.0,0.1019,2.593080188654646,0.7320019313394441,479,0.01,0.5,0.0
BN,noniid,balanced,6.0,0.1175,2.501219924492172,0.7212090515826131,479,0.01,0.5,0.0
BN,noniid,balanced,7.0,0.1061,2.5802620543709285,0.6426371589667979,479,0.01,0.5,0.0
BN,noniid,balanced,8.0,0.1258,2.380389940889576,0.6225285196964979,479,0.01,0.5,0.0
BN,noniid,balanced,9.0,0.1401,2.313845118389854,0.577962225015508,479,0.01,0.5,0.0
BN,noniid,balanced,10.0,0.1497,2.280104380619677,0.5893551809320343,479,0.01,0.5,0.0
BN,noniid,balanced,11.0,0.1533,2.2174238856834703,0.5444098742471543,479,0.01,0.5,0.0
BN,noniid,balanced,12.0,0.1747,2.2290131925027583,0.4880706171005731,479,0.01,0.5,0.0
BN,noniid,balanced,13.0,0.1744,2.22089106523538,0.530710429274186,479,0.01,0.5,0.0
BN,noniid,balanced,14.0,0.1754,2.175354043139687,0.4846631547999859,479,0.01,0.5,0.0
BN,noniid,balanced,15.0,0.1475,2.1814966775194,0.5090342062862183,479,0.01,0.5,0.0
BN,noniid,balanced,16.0,0.1655,2.148717925518374,0.486295678192575,479,0.01,0.5,0.0
BN,noniid,balanced,17.0,0.1792,2.126301688483999,0.4477919415687502,479,0.01,0.5,0.0
BN,noniid,balanced,18.0,0.1547,2.178565957878209,0.4624639682221459,479,0.01,0.5,0.0
BN,noniid,balanced,19.0,0.1841,2.1316239215150663,0.4781241088621609,479,0.01,0.5,0.0
BN,noniid,balanced,20.0,0.15,2.2156135492686984,0.4543350933219481,479,0.01,0.5,0.0
BN,noniid,balanced,21.0,0.1812,2.1475101573557795,0.4327390223321272,479,0.01,0.5,0.0
BN,noniid,balanced,22.0,0.2077,2.109691628926917,0.425450319064781,479,0.01,0.5,0.0
BN,noniid,balanced,23.0,0.1892,2.1663946894150747,0.4094605603787349,479,0.01,0.5,0.0
BN,noniid,balanced,24.0,0.1904,2.1489589817916293,0.4093675681537133,479,0.01,0.5,0.0
BN,noniid,balanced,25.0,0.1973,2.084541186501708,0.4094815573808738,479,0.01,0.5,0.0
BN,noniid,balanced,26.0,0.1877,2.1516661040390592,0.4395969567970024,479,0.01,0.5,0.0
BN,noniid,balanced,27.0,0.1984,2.1343518374841426,0.4000757281332481,479,0.01,0.5,0.0
BN,noniid,balanced,28.0,0.1987,2.1147614702393738,0.3824853401701548,479,0.01,0.5,0.0
BN,noniid,balanced,29.0,0.2001,2.120067042640493,0.3863914792946016,479,0.01,0.5,0.0
BN,noniid,balanced,30.0,0.1691,2.175737909123868,0.4024277245262055,479,0.01,0.5,0.0
BN,noniid,balanced,31.0,0.2134,2.0910040939910504,0.374498154035653,479,0.01,0.5,0.0
BN,noniid,balanced,32.0,0.1967,2.1257138689862023,0.3698754980391531,479,0.01,0.5,0.0
BN,noniid,balanced,33.0,0.1948,2.111583937572528,0.3756386297757271,479,0.01,0.5,0.0
BN,noniid,balanced,34.0,0.207,2.1234266139283964,0.3727545828168513,479,0.01,0.5,0.0
BN,noniid,balanced,35.0,0.198,2.2235458349879784,0.3709230380200896,479,0.01,0.5,0.0
BN,noniid,balanced,36.0,0.2208,2.138440264931208,0.364299362111924,479,0.01,0.5,0.0
BN,noniid,balanced,37.0,0.2065,2.127125032340424,0.3599192676862003,479,0.01,0.5,0.0
BN,noniid,balanced,38.0,0.2251,2.118770620490931,0.3567626417369174,479,0.01,0.5,0.0
BN,noniid,balanced,39.0,0.2258,2.057258429406565,0.3561524100671231,479,0.01,0.5,0.0
BN,noniid,balanced,40.0,0.2006,2.108153279823593,0.3503695698211085,479,0.01,0.5,0.0
BN,noniid,balanced,41.0,0.2192,2.051516576658321,0.3644944333104649,479,0.01,0.5,0.0
BN,noniid,balanced,42.0,0.2375,2.003952391539948,0.3593545907813241,479,0.01,0.5,0.0
BN,noniid,balanced,43.0,0.2103,2.1105292990237854,0.3431635618029686,479,0.01,0.5,0.0
BN,noniid,balanced,44.0,0.2302,2.044437666482563,0.3608750867104681,479,0.01,0.5,0.0
BN,noniid,balanced,45.0,0.2078,2.0712731669220745,0.3384701928836293,479,0.01,0.5,0.0
BN,noniid,balanced,46.0,0.2255,2.0312789180610755,0.3270586463330546,479,0.01,0.5,0.0
BN,noniid,balanced,47.0,0.226,2.02367998678473,0.330857742201304,479,0.01,0.5,0.0
BN,noniid,balanced,48.0,0.2407,2.0086003330689444,0.3314681622449424,479,0.01,0.5,0.0
BN,noniid,balanced,49.0,0.213,2.04870771758164,0.3360726474454568,479,0.01,0.5,0.0
BN,noniid,balanced,50.0,0.2169,2.0588649239721177,0.3029669914587866,479,0.01,0.5,0.0
GN,iid,balanced,1.0,0.1,2.447356160682968,5.75883619737625,479,0.01,0.5,0.0
GN,iid,balanced,2.0,0.1119,2.2972707054283044,2.598969070196152,479,0.01,0.5,0.0
GN,iid,balanced,3.0,0.1,2.3209689146355736,2.4812604105472564,479,0.01,0.5,0.0
GN,iid,balanced,4.0,0.12,2.304341968101791,2.4225864000320434,479,0.01,0.5,0.0
GN,iid,balanced,5.0,0.1325,2.2822747471966323,2.3969772741794584,479,0.01,0.5,0.0
GN,iid,balanced,6.0,0.1503,2.2648075743566585,2.365027533769608,479,0.01,0.5,0.0
GN,iid,balanced,7.0,0.1599,2.2421208906777297,2.345303552389145,479,0.01,0.5,0.0
GN,iid,balanced,8.0,0.1905,2.186152865615072,2.310112741470337,479,0.01,0.5,0.0
GN,iid,balanced,9.0,0.1963,2.135658839080908,2.269752575874329,479,0.01,0.5,0.0
GN,iid,balanced,10.0,0.2202,2.089363888849186,2.227115653276443,479,0.01,0.5,0.0
GN,iid,balanced,11.0,0.2176,2.0551512075375906,2.220686614990234,479,0.01,0.5,0.0
GN,iid,balanced,12.0,0.2298,2.0461895586569097,2.1745583887100217,479,0.01,0.5,0.0
GN,iid,balanced,13.0,0.2304,2.0285955576957027,2.145573444366455,479,0.01,0.5,0.0
GN,iid,balanced,14.0,0.2371,2.025294438193116,2.138792280197144,479,0.01,0.5,0.0
GN,iid,balanced,15.0,0.243,1.9963843083079853,2.115219878911972,479,0.01,0.5,0.0
GN,iid,balanced,16.0,0.2413,1.9954940955850144,2.124807982444763,479,0.01,0.5,0.0
GN,iid,balanced,17.0,0.2633,1.977985293050356,2.08942614364624,479,0.01,0.5,0.0
GN,iid,balanced,18.0,0.2479,1.985661028306696,2.0948044373989103,479,0.01,0.5,0.0
GN,iid,balanced,19.0,0.2645,1.9676365490201155,2.0814972107410434,479,0.01,0.5,0.0
GN,iid,balanced,20.0,0.2541,1.96602905098396,2.077576237440109,479,0.01,0.5,0.0
GN,iid,balanced,21.0,0.2638,1.95636509038225,2.0577152802944183,479,0.01,0.5,0.0
GN,iid,balanced,22.0,0.263,1.9540351840514167,2.059059260368348,479,0.01,0.5,0.0
GN,iid,balanced,23.0,0.2557,1.9720616687702228,2.0493283352851868,479,0.01,0.5,0.0
GN,iid,balanced,24.0,0.2675,1.9639756920971447,2.052120674848556,479,0.01,0.5,0.0
GN,iid,balanced,25.0,0.2652,1.9485952823976929,2.0429036343097686,479,0.01,0.5,0.0
GN,iid,balanced,26.0,0.2688,1.9419552781913847,2.0314558589458462,479,0.01,0.5,0.0
GN,iid,balanced,27.0,0.2776,1.9349031750159928,2.0329406375885006,479,0.01,0.5,0.0
GN,iid,balanced,28.0,0.2739,1.941307143320011,2.025929059743881,479,0.01,0.5,0.0
GN,iid,balanced,29.0,0.2881,1.918820547152169,2.039339308261872,479,0.01,0.5,0.0
GN,iid,balanced,30.0,0.2724,1.938491582870484,2.029958260297775,479,0.01,0.5,0.0
GN,iid,balanced,31.0,0.2948,1.9112125846404064,2.0153783912658696,479,0.01,0.5,0.0
GN,iid,balanced,32.0,0.2737,1.923195170450814,2.004509706020355,479,0.01,0.5,0.0
GN,iid,balanced,33.0,0.2744,1.94131078146681,2.0135650057792662,479,0.01,0.5,0.0
GN,iid,balanced,34.0,0.2742,1.929769248902044,2.010331200361252,479,0.01,0.5,0.0
GN,iid,balanced,35.0,0.2796,1.919964876356004,2.0044845325946805,479,0.01,0.5,0.0
GN,iid,balanced,36.0,0.296,1.897308752506594,1.998512818336487,479,0.01,0.5,0.0
GN,iid,balanced,37.0,0.2916,1.9093802080878728,2.0008922991752627,479,0.01,0.5,0.0
GN,iid,balanced,38.0,0.2842,1.9059374543684948,2.000333023309708,479,0.01,0.5,0.0
GN,iid,balanced,39.0,0.3004,1.895160364199288,1.980429564714432,479,0.01,0.5,0.0
GN,iid,balanced,40.0,0.2852,1.9191628121122528,1.9768163702487944,479,0.01,0.5,0.0
GN,iid,balanced,41.0,0.2922,1.891050160685672,1.9835537059307096,479,0.01,0.5,0.0
GN,iid,balanced,42.0,0.2897,1.8978983495808848,1.9764773685932155,479,0.01,0.5,0.0
GN,iid,balanced,43.0,0.3109,1.8714975209175784,1.966774369478226,479,0.01,0.5,0.0
GN,iid,balanced,44.0,0.3002,1.897372383105604,1.958986335515976,479,0.01,0.5,0.0
GN,iid,balanced,45.0,0.3071,1.8684893891781191,1.964774173974991,479,0.01,0.5,0.0
GN,iid,balanced,46.0,0.3144,1.861272485950325,1.967839610338211,479,0.01,0.5,0.0
GN,iid,balanced,47.0,0.315,1.8644448926177208,1.9440282013416288,479,0.01,0.5,0.0
GN,iid,balanced,48.0,0.3189,1.8548039680794823,1.955028708457947,479,0.01,0.5,0.0
GN,iid,balanced,49.0,0.3129,1.854661838917793,1.94881073474884,479,0.01,0.5,0.0
GN,iid,balanced,50.0,0.3043,1.85350550880915,1.933058036804199,479,0.01,0.5,0.0
GN,noniid,unbalanced,1.0,0.1,5.641585820837866,2.0897898429234822,479,0.01,0.5,0.0
GN,noniid,unbalanced,2.0,0.1,3.170410624033288,1.2625112821815971,479,0.01,0.5,0.0
GN,noniid,unbalanced,3.0,0.1258,2.772267190715935,0.8419842011147403,479,0.01,0.5,0.0
GN,noniid,unbalanced,4.0,0.1802,2.672574462769907,0.7908584096566076,479,0.01,0.5,0.0
GN,noniid,unbalanced,5.0,0.1876,2.703039827226084,0.7333169351943457,479,0.01,0.5,0.0
GN,noniid,unbalanced,6.0,0.1919,2.649085183686848,0.6983617286002339,479,0.01,0.5,0.0
GN,noniid,unbalanced,7.0,0.1864,2.6940136981915823,0.6710812722810893,479,0.01,0.5,0.0
GN,noniid,unbalanced,8.0,0.2196,2.639246382290804,0.6350950463403133,479,0.01,0.5,0.0
GN,noniid,unbalanced,9.0,0.2061,2.6991542049601107,0.6261150778398423,479,0.01,0.5,0.0
GN,noniid,unbalanced,10.0,0.1989,2.702300925798054,0.6148191616055944,479,0.01,0.5,0.0
GN,noniid,unbalanced,11.0,0.2105,2.67954715294174,0.596144505214699,479,0.01,0.5,0.0
GN,noniid,unbalanced,12.0,0.2087,2.690269364586359,0.6044366119720158,479,0.01,0.5,0.0
GN,noniid,unbalanced,13.0,0.2197,2.66569610185261,0.5908267324704328,479,0.01,0.5,0.0
GN,noniid,unbalanced,14.0,0.2287,2.6826196380808383,0.5896506042219117,479,0.01,0.5,0.0
GN,noniid,unbalanced,15.0,0.2414,2.689897120753421,0.5793697774508036,479,0.01,0.5,0.0
GN,noniid,unbalanced,16.0,0.2464,2.677182085906403,0.5802938684328691,479,0.01,0.5,0.0
GN,noniid,unbalanced,17.0,0.2339,2.664227123501935,0.5727404585348645,479,0.01,0.5,0.0
GN,noniid,unbalanced,18.0,0.2407,2.689425230026245,0.5630666162796085,479,0.01,0.5,0.0
GN,noniid,unbalanced,19.0,0.2344,2.68896088720877,0.576260845896101,479,0.01,0.5,0.0
GN,noniid,unbalanced,20.0,0.2211,2.6983244600175302,0.5745411962338955,479,0.01,0.5,0.0
GN,noniid,unbalanced,21.0,0.2336,2.6574768446668795,0.5636399994595422,479,0.01,0.5,0.0
GN,noniid,unbalanced,22.0,0.2498,2.661439237715322,0.569289508213976,479,0.01,0.5,0.0
GN,noniid,unbalanced,23.0,0.2316,2.6849211982533903,0.5464147174083394,479,0.01,0.5,0.0
GN,noniid,unbalanced,24.0,0.2391,2.7074912529957444,0.5578359395112532,479,0.01,0.5,0.0
GN,noniid,unbalanced,25.0,0.2628,2.648060294646251,0.5486373455133948,479,0.01,0.5,0.0
GN,noniid,unbalanced,26.0,0.2341,2.678934118415736,0.552022536919949,479,0.01,0.5,0.0
GN,noniid,unbalanced,27.0,0.2523,2.65782645080663,0.5436222481991552,479,0.01,0.5,0.0
GN,noniid,unbalanced,28.0,0.2551,2.661443915548204,0.5480358336887476,479,0.01,0.5,0.0
GN,noniid,unbalanced,29.0,0.2446,2.6537506851968886,0.5340742212524405,479,0.01,0.5,0.0
GN,noniid,unbalanced,30.0,0.249,2.680002909672411,0.5451333858174311,479,0.01,0.5,0.0
GN,noniid,unbalanced,31.0,0.2522,2.6721683906603464,0.5418938673718754,479,0.01,0.5,0.0
GN,noniid,unbalanced,32.0,0.242,2.6869358533545387,0.5396821824259475,479,0.01,0.5,0.0
GN,noniid,unbalanced,33.0,0.26,2.64289277716528,0.5346220154518649,479,0.01,0.5,0.0
GN,noniid,unbalanced,34.0,0.2563,2.6441295690174345,0.5340305897313092,479,0.01,0.5,0.0
GN,noniid,unbalanced,35.0,0.2574,2.659029145784016,0.523241552919192,479,0.01,0.5,0.0
GN,noniid,unbalanced,36.0,0.276,2.6311601868158654,0.5215240634767785,479,0.01,0.5,0.0
GN,noniid,unbalanced,37.0,0.2478,2.70621329319628,0.5359986218813496,479,0.01,0.5,0.0
GN,noniid,unbalanced,38.0,0.2674,2.653210154062585,0.5284051730832008,479,0.01,0.5,0.0
GN,noniid,unbalanced,39.0,0.2711,2.666443571259704,0.5258366215237649,479,0.01,0.5,0.0
GN,noniid,unbalanced,40.0,0.2815,2.620493007611625,0.52847300118901,479,0.01,0.5,0.0
GN,noniid,unbalanced,41.0,0.2753,2.6649728726737107,0.5168004118954918,479,0.01,0.5,0.0
GN,noniid,unbalanced,42.0,0.263,2.681679221648204,0.5183768176782373,479,0.01,0.5,0.0
GN,noniid,unbalanced,43.0,0.2831,2.7034891496730755,0.5111276879428731,479,0.01,0.5,0.0
GN,noniid,unbalanced,44.0,0.264,2.674825776981402,0.5068086975117991,479,0.01,0.5,0.0
GN,noniid,unbalanced,45.0,0.2723,2.62931683697278,0.5160353975799244,479,0.01,0.5,0.0
GN,noniid,unbalanced,46.0,0.2857,2.556654338595233,0.4869499255382067,479,0.01,0.5,0.0
GN,noniid,unbalanced,47.0,0.2646,2.7073267441761644,0.5016940877537787,479,0.01,0.5,0.0
GN,noniid,unbalanced,48.0,0.277,2.6407341262962243,0.5104510835537144,479,0.01,0.5,0.0
GN,noniid,unbalanced,49.0,0.2938,2.5691305504569524,0.504289368632366,479,0.01,0.5,0.0
GN,noniid,unbalanced,50.0,0.2893,2.647102998781808,0.488388241951866,479,0.01,0.5,0.0
GN,noniid,balanced,1.0,0.1,8.450522314144086,2.303148777067661,479,0.01,0.5,0.0
GN,noniid,balanced,2.0,0.1,4.221118462236622,1.4297162648128083,479,0.01,0.5,0.0
GN,noniid,balanced,3.0,0.1,2.8021915502186063,0.8915845136086389,479,0.01,0.5,0.0
GN,noniid,balanced,4.0,0.1,2.5500762372077266,0.7929227211859396,479,0.01,0.5,0.0
GN,noniid,balanced,5.0,0.1,2.3945474956609027,0.7224915598395165,479,0.01,0.5,0.0
GN,noniid,balanced,6.0,0.1,2.372377353378489,0.692347310225945,479,0.01,0.5,0.0
GN,noniid,balanced,7.0,0.1,2.364217598227006,0.6765483826396521,479,0.01,0.5,0.0
GN,noniid,balanced,8.0,0.1065,2.3680058913894846,0.6708044312345446,479,0.01,0.5,0.0
GN,noniid,balanced,9.0,0.1293,2.362914857985098,0.6441369685199752,479,0.01,0.5,0.0
GN,noniid,balanced,10.0,0.1444,2.3555232542979567,0.6492620247950546,479,0.01,0.5,0.0
GN,noniid,balanced,11.0,0.1546,2.324672083311443,0.6042006677281752,479,0.01,0.5,0.0
GN,noniid,balanced,12.0,0.157,2.312774697436562,0.6068767010275042,479,0.01,0.5,0.0
GN,noniid,balanced,13.0,0.1652,2.285254454310936,0.6102526193970698,479,0.01,0.5,0.0
GN,noniid,balanced,14.0,0.1645,2.255559616451022,0.5700976363005466,479,0.01,0.5,0.0
GN,noniid,balanced,15.0,0.1652,2.246124771576893,0.5729270168610092,479,0.01,0.5,0.0
GN,noniid,balanced,16.0,0.175,2.219558721856226,0.5740818280155653,479,0.01,0.5,0.0
GN,noniid,balanced,17.0,0.1801,2.222199621079844,0.5357650231795559,479,0.01,0.5,0.0
GN,noniid,balanced,18.0,0.1909,2.189401925364628,0.5369263336836813,479,0.01,0.5,0.0
GN,noniid,balanced,19.0,0.1899,2.191977642759492,0.5482692323955708,479,0.01,0.5,0.0
GN,noniid,balanced,20.0,0.1917,2.176015805594529,0.4983934650799638,479,0.01,0.5,0.0
GN,noniid,balanced,21.0,0.1931,2.165621440621871,0.5005118546204468,479,0.01,0.5,0.0
GN,noniid,balanced,22.0,0.2051,2.157606112806103,0.5320248995666625,479,0.01,0.5,0.0
GN,noniid,balanced,23.0,0.2164,2.140100875987282,0.4858699941696396,479,0.01,0.5,0.0
GN,noniid,balanced,24.0,0.2185,2.1440865239010582,0.4901795701945084,479,0.01,0.5,0.0
GN,noniid,balanced,25.0,0.2131,2.133981528161448,0.4737952584524463,479,0.01,0.5,0.0
GN,noniid,balanced,26.0,0.2243,2.1220672673816923,0.4884552116116101,479,0.01,0.5,0.0
GN,noniid,balanced,27.0,0.2122,2.148319986802113,0.4923777795290662,479,0.01,0.5,0.0
GN,noniid,balanced,28.0,0.221,2.116256176670895,0.4779953082432621,479,0.01,0.5,0.0
GN,noniid,balanced,29.0,0.2388,2.086249758925619,0.4675850184460287,479,0.01,0.5,0.0
GN,noniid,balanced,30.0,0.2305,2.0955006759377977,0.4690248002213775,479,0.01,0.5,0.0
GN,noniid,balanced,31.0,0.241,2.0723227428484567,0.4529752056158321,479,0.01,0.5,0.0
GN,noniid,balanced,32.0,0.231,2.0937800482858586,0.4566741815951828,479,0.01,0.5,0.0
GN,noniid,balanced,33.0,0.2258,2.1014379655258564,0.4495534996938367,479,0.01,0.5,0.0
GN,noniid,balanced,34.0,0.2378,2.066231256798853,0.4629999701133929,479,0.01,0.5,0.0
GN,noniid,balanced,35.0,0.2421,2.0890587583372864,0.4377997608962468,479,0.01,0.5,0.0
GN,noniid,balanced,36.0,0.2391,2.0762917920003963,0.4538479978613614,479,0.01,0.5,0.0
GN,noniid,balanced,37.0,0.2358,2.093593527999105,0.4504812461614492,479,0.01,0.5,0.0
GN,noniid,balanced,38.0,0.2448,2.0691713049441955,0.454355568189756,479,0.01,0.5,0.0
GN,noniid,balanced,39.0,0.2367,2.078424271148972,0.443509760352943,479,0.01,0.5,0.0
GN,noniid,balanced,40.0,0.2379,2.07547141932234,0.4218856149888015,479,0.01,0.5,0.0
GN,noniid,balanced,41.0,0.2472,2.0478915896596788,0.4336142111052468,479,0.01,0.5,0.0
GN,noniid,balanced,42.0,0.245,2.0590658761277982,0.421578479818374,479,0.01,0.5,0.0
GN,noniid,balanced,43.0,0.2516,2.045890728129616,0.4242870829069579,479,0.01,0.5,0.0
GN,noniid,balanced,44.0,0.2403,2.0573216118390047,0.4359747339968017,479,0.01,0.5,0.0
GN,noniid,balanced,45.0,0.2402,2.057887634144554,0.4152917270436882,479,0.01,0.5,0.0
GN,noniid,balanced,46.0,0.2612,2.0111038066163847,0.4051163433944893,479,0.01,0.5,0.0
GN,noniid,balanced,47.0,0.2362,2.0816654917560045,0.4261965378274617,479,0.01,0.5,0.0
GN,noniid,balanced,48.0,0.2572,1.9947455578212496,0.4203988074277586,479,0.01,0.5,0.0
GN,noniid,balanced,49.0,0.2602,2.028335098978839,0.4127500617987098,479,0.01,0.5,0.0
GN,noniid,balanced,50.0,0.2565,2.0091002032726624,0.3919993541502918,479,0.01,0.5,0.0
GN,iid,balanced,1.0,0.1,2.522363188900525,5.595908230543136,128,0.01,0.5,0.0
GN,iid,balanced,2.0,0.1107,2.291699859160411,2.589425984144211,128,0.01,0.5,0.0
GN,iid,balanced,3.0,0.1449,2.26773644700835,2.440708187818528,128,0.01,0.5,0.0
GN,iid,balanced,4.0,0.1629,2.26532735402071,2.3996166875362395,128,0.01,0.5,0.0
GN,iid,balanced,5.0,0.1605,2.251753967019576,2.3617036724090577,128,0.01,0.5,0.0
GN,iid,balanced,6.0,0.1552,2.238505357428442,2.3449460096359256,128,0.01,0.5,0.0
GN,iid,balanced,7.0,0.1825,2.206273788138281,2.318432722091675,128,0.01,0.5,0.0
GN,iid,balanced,8.0,0.1996,2.164572489412525,2.2923516428470614,128,0.01,0.5,0.0
GN,iid,balanced,9.0,0.2091,2.113498945779438,2.272349483728408,128,0.01,0.5,0.0
GN,iid,balanced,10.0,0.2402,2.074165629435189,2.2312601716518405,128,0.01,0.5,0.0
GN,iid,balanced,11.0,0.2195,2.0665197553513925,2.199996556282043,128,0.01,0.5,0.0
GN,iid,balanced,12.0,0.2364,2.041662824304798,2.1885755212306983,128,0.01,0.5,0.0
GN,iid,balanced,13.0,0.2427,2.0183603507054,2.151469433069229,128,0.01,0.5,0.0
GN,iid,balanced,14.0,0.2348,2.001900755906407,2.143005106687545,128,0.01,0.5,0.0
GN,iid,balanced,15.0,0.2677,1.9881096942515315,2.124681837081909,128,0.01,0.5,0.0
GN,iid,balanced,16.0,0.255,1.9957850582991967,2.111651109218597,128,0.01,0.5,0.0
GN,iid,balanced,17.0,0.2521,1.9798537960535365,2.0840687177181243,128,0.01,0.5,0.0
GN,iid,balanced,18.0,0.2626,1.965770046922225,2.0817714166641235,128,0.01,0.5,0.0
GN,iid,balanced,19.0,0.2664,1.9711546731900564,2.0645976839065554,128,0.01,0.5,0.0
GN,iid,balanced,20.0,0.2832,1.9416675733614568,2.065971150636673,128,0.01,0.5,0.0
GN,iid,balanced,21.0,0.2764,1.930064589162416,2.0543444986343387,128,0.01,0.5,0.0
GN,iid,balanced,22.0,0.2615,1.940024353280852,2.050871670722961,128,0.01,0.5,0.0
GN,iid,balanced,23.0,0.2883,1.921967835365972,2.03535810136795,128,0.01,0.5,0.0
GN,iid,balanced,24.0,0.2779,1.928371643718285,2.0305385065078734,128,0.01,0.5,0.0
GN,iid,balanced,25.0,0.2891,1.924335604981531,2.0284629070758817,128,0.01,0.5,0.0
GN,iid,balanced,26.0,0.2863,1.9193944795222224,2.0281691942214968,128,0.01,0.5,0.0
GN,iid,balanced,27.0,0.2929,1.9083066529865509,2.01692055439949,128,0.01,0.5,0.0
GN,iid,balanced,28.0,0.2837,1.906108457830888,2.004457281351089,128,0.01,0.5,0.0
GN,iid,balanced,29.0,0.2922,1.9019185576257829,2.0020148453712463,128,0.01,0.5,0.0
GN,iid,balanced,30.0,0.3027,1.888452338266976,1.9976127145290368,128,0.01,0.5,0.0
GN,iid,balanced,31.0,0.3095,1.8749805326703228,1.9851485424041744,128,0.01,0.5,0.0
GN,iid,balanced,32.0,0.283,1.8858207962180995,1.984773079395294,128,0.01,0.5,0.0
GN,iid,balanced,33.0,0.2918,1.8917721525023248,1.9847488672733309,128,0.01,0.5,0.0
GN,iid,balanced,34.0,0.2965,1.9019561885278435,1.9858091089725496,128,0.01,0.5,0.0
GN,iid,balanced,35.0,0.3144,1.8602334970160368,1.978142283439636,128,0.01,0.5,0.0
GN,iid,balanced,36.0,0.3162,1.854858095132852,1.95676839351654,128,0.01,0.5,0.0
GN,iid,balanced,37.0,0.3136,1.8553008369252653,1.9636920945644376,128,0.01,0.5,0.0
GN,iid,balanced,38.0,0.3101,1.8684702025184148,1.9598053092956544,128,0.01,0.5,0.0
GN,iid,balanced,39.0,0.3111,1.8651861706866493,1.9536148116588592,128,0.01,0.5,0.0
GN,iid,balanced,40.0,0.325,1.8304693487626087,1.960385541915893,128,0.01,0.5,0.0
GN,iid,balanced,41.0,0.3251,1.8281396235091776,1.943600428819656,128,0.01,0.5,0.0
GN,iid,balanced,42.0,0.3318,1.8156045479110523,1.9285653581619264,128,0.01,0.5,0.0
GN,iid,balanced,43.0,0.3216,1.8558638005317007,1.92948847603798,128,0.01,0.5,0.0
GN,iid,balanced,44.0,0.3422,1.8054765281797964,1.9317794523239136,128,0.01,0.5,0.0
GN,iid,balanced,45.0,0.3358,1.8104790569860725,1.912555095911026,128,0.01,0.5,0.0
GN,iid,balanced,46.0,0.337,1.806249369548846,1.9206858046054844,128,0.01,0.5,0.0
GN,iid,balanced,47.0,0.3299,1.817491544952876,1.9063896567821503,128,0.01,0.5,0.0
GN,iid,balanced,48.0,0.3361,1.8126708495466013,1.9094159483909607,128,0.01,0.5,0.0
GN,iid,balanced,49.0,0.3444,1.7925478868846652,1.903895038127899,128,0.01,0.5,0.0
GN,iid,balanced,50.0,0.3301,1.8131928293010853,1.898284994602204,128,0.01,0.5,0.0
GN,noniid,unbalanced,1.0,0.1,12.289460616775706,1.0242634618679685,128,0.01,0.5,0.0
GN,noniid,unbalanced,2.0,0.1,4.422796460646618,1.1374153123684585,128,0.01,0.5,0.0
GN,noniid,unbalanced,3.0,0.1,2.910112374945532,0.7751986130433834,128,0.01,0.5,0.0
GN,noniid,unbalanced,4.0,0.1,2.6902976186969614,0.6592715553208642,128,0.01,0.5,0.0
GN,noniid,unbalanced,5.0,0.1,2.714638703986059,0.617786358824252,128,0.01,0.5,0.0
GN,noniid,unbalanced,6.0,0.1,2.743736366682415,0.5971533638520243,128,0.01,0.5,0.0
GN,noniid,unbalanced,7.0,0.1,2.7037686094453064,0.5880480383563942,128,0.01,0.5,0.0
GN,noniid,unbalanced,8.0,0.1,2.8217178598234924,0.5756083555314689,128,0.01,0.5,0.0
GN,noniid,unbalanced,9.0,0.1123,2.658991813659668,0.5691430270701336,128,0.01,0.5,0.0
GN,noniid,unbalanced,10.0,0.1291,2.661158166354216,0.5584693221295407,128,0.01,0.5,0.0
GN,noniid,unbalanced,11.0,0.1681,2.591612713246406,0.5374501485445072,128,0.01,0.5,0.0
GN,noniid,unbalanced,12.0,0.1633,2.64394562757468,0.543714157507522,128,0.01,0.5,0.0
GN,noniid,unbalanced,13.0,0.1719,2.60237385955038,0.5207467760736277,128,0.01,0.5,0.0
GN,noniid,unbalanced,14.0,0.1819,2.5842763774002653,0.5100591437145292,128,0.01,0.5,0.0
GN,noniid,unbalanced,15.0,0.1925,2.572749098644981,0.4984878001560767,128,0.01,0.5,0.0
GN,noniid,unbalanced,16.0,0.1947,2.5976615827294847,0.5045838548006334,128,0.01,0.5,0.0
GN,noniid,unbalanced,17.0,0.1947,2.563930828360063,0.5043928940651627,128,0.01,0.5,0.0
GN,noniid,unbalanced,18.0,0.2027,2.5114524968062777,0.4875158630354949,128,0.01,0.5,0.0
GN,noniid,unbalanced,19.0,0.2117,2.5482844823523414,0.4963423044903513,128,0.01,0.5,0.0
GN,noniid,unbalanced,20.0,0.2052,2.5201206871225863,0.4882496536038817,128,0.01,0.5,0.0
GN,noniid,unbalanced,21.0,0.2057,2.535062457941756,0.4831969785694964,128,0.01,0.5,0.0
GN,noniid,unbalanced,22.0,0.1984,2.516625663902186,0.481726680602723,128,0.01,0.5,0.0
GN,noniid,unbalanced,23.0,0.2036,2.508379866805257,0.4673459802474827,128,0.01,0.5,0.0
GN,noniid,unbalanced,24.0,0.2156,2.502646880813792,0.4689048663995927,128,0.01,0.5,0.0
GN,noniid,unbalanced,25.0,0.2107,2.565674848194364,0.4562968381685593,128,0.01,0.5,0.0
GN,noniid,unbalanced,26.0,0.2237,2.455022799817822,0.4624255472126727,128,0.01,0.5,0.0
GN,noniid,unbalanced,27.0,0.2109,2.521204456498351,0.4612273057252944,128,0.01,0.5,0.0
GN,noniid,unbalanced,28.0,0.2246,2.455809750134432,0.4534330112431197,128,0.01,0.5,0.0
GN,noniid,unbalanced,29.0,0.2223,2.5371860763694665,0.4461035690374362,128,0.01,0.5,0.0
GN,noniid,unbalanced,30.0,0.2273,2.454367897178553,0.4524804019818548,128,0.01,0.5,0.0
GN,noniid,unbalanced,31.0,0.2209,2.4720833663699,0.4575552727842392,128,0.01,0.5,0.0
GN,noniid,unbalanced,32.0,0.2255,2.497724517991271,0.4334510550944445,128,0.01,0.5,0.0
GN,noniid,unbalanced,33.0,0.2169,2.5559983253479004,0.4368222869330396,128,0.01,0.5,0.0
GN,noniid,unbalanced,34.0,0.2324,2.470202201529394,0.4279244599640369,128,0.01,0.5,0.0
GN,noniid,unbalanced,35.0,0.2357,2.3975441787816303,0.4308817438865856,128,0.01,0.5,0.0
GN,noniid,unbalanced,36.0,0.226,2.5027135565311096,0.4337788867691222,128,0.01,0.5,0.0
GN,noniid,unbalanced,37.0,0.2233,2.493172530886493,0.4268906687827936,128,0.01,0.5,0.0
GN,noniid,unbalanced,38.0,0.2275,2.455479268786273,0.4192310046378213,128,0.01,0.5,0.0
GN,noniid,unbalanced,39.0,0.2294,2.477695519411111,0.4203917393046431,128,0.01,0.5,0.0
GN,noniid,unbalanced,40.0,0.2325,2.4189553200444087,0.415125008580042,128,0.01,0.5,0.0
GN,noniid,unbalanced,41.0,0.2296,2.445454359054565,0.4171432592623557,128,0.01,0.5,0.0
GN,noniid,unbalanced,42.0,0.2331,2.4662191324596163,0.413201308745658,128,0.01,0.5,0.0
GN,noniid,unbalanced,43.0,0.2324,2.480047687699523,0.4151222315182289,128,0.01,0.5,0.0
GN,noniid,unbalanced,44.0,0.2377,2.4185577374470384,0.4124375312926713,128,0.01,0.5,0.0
GN,noniid,unbalanced,45.0,0.2238,2.5156553244288964,0.3949736379890237,128,0.01,0.5,0.0
GN,noniid,unbalanced,46.0,0.2424,2.382352880284756,0.4108221610227289,128,0.01,0.5,0.0
GN,noniid,unbalanced,47.0,0.2327,2.477920933614804,0.4008089185003191,128,0.01,0.5,0.0
GN,noniid,unbalanced,48.0,0.2247,2.487568719477593,0.3926407156869924,128,0.01,0.5,0.0
GN,noniid,unbalanced,49.0,0.2408,2.3978081564360028,0.4055145570312161,128,0.01,0.5,0.0
GN,noniid,unbalanced,50.0,0.2388,2.467045204548896,0.3934126220116547,128,0.01,0.5,0.0
GN,noniid,balanced,1.0,0.0956,3.779133102561854,2.868289220154286,128,0.01,0.5,0.0
GN,noniid,balanced,2.0,0.1,4.391940693312053,1.2540008393642876,128,0.01,0.5,0.0
GN,noniid,balanced,3.0,0.1,3.358350352395939,0.8909562901932514,128,0.01,0.5,0.0
GN,noniid,balanced,4.0,0.1155,3.378542380996897,0.8308266791428904,128,0.01,0.5,0.0
GN,noniid,balanced,5.0,0.1142,3.383498363857028,0.7637442918408196,128,0.01,0.5,0.0
GN,noniid,balanced,6.0,0.1005,3.382252279716202,0.7417357436267193,128,0.01,0.5,0.0
GN,noniid,balanced,7.0,0.1054,3.522069946120057,0.7561563701361884,128,0.01,0.5,0.0
GN,noniid,balanced,8.0,0.1126,3.510689092587821,0.741545691829175,128,0.01,0.5,0.0
GN,noniid,balanced,9.0,0.1116,3.5362886778915983,0.7214791905394523,128,0.01,0.5,0.0
GN,noniid,balanced,10.0,0.1052,3.4817358843887907,0.718295053673908,128,0.01,0.5,0.0
GN,noniid,balanced,11.0,0.1133,3.486877791489227,0.7058646982305219,128,0.01,0.5,0.0
GN,noniid,balanced,12.0,0.1053,3.5278898824619342,0.6871014580503108,128,0.01,0.5,0.0
GN,noniid,balanced,13.0,0.1104,3.4720086840134634,0.6818485222687014,128,0.01,0.5,0.0
GN,noniid,balanced,14.0,0.1096,3.520160656941088,0.6896666978732682,128,0.01,0.5,0.0
GN,noniid,balanced,15.0,0.1106,3.4638306792778306,0.6814621829981916,128,0.01,0.5,0.0
GN,noniid,balanced,16.0,0.1134,3.46963093854204,0.6653512607305311,128,0.01,0.5,0.0
GN,noniid,balanced,17.0,0.108,3.472659572770324,0.6656817508488894,128,0.01,0.5,0.0
GN,noniid,balanced,18.0,0.1267,3.39294110068792,0.6591463454712649,128,0.01,0.5,0.0
GN,noniid,balanced,19.0,0.1145,3.50820449032361,0.6451803433939348,128,0.01,0.5,0.0
GN,noniid,balanced,20.0,0.1092,3.491197721867622,0.6452279282624368,128,0.01,0.5,0.0
GN,noniid,balanced,21.0,0.1077,3.4912298781962336,0.636994403840974,128,0.01,0.5,0.0
GN,noniid,balanced,22.0,0.1171,3.4220518522624728,0.6466961138178596,128,0.01,0.5,0.0
GN,noniid,balanced,23.0,0.1158,3.5171227515498296,0.6353568005019333,128,0.01,0.5,0.0
GN,noniid,balanced,24.0,0.1189,3.4885092324848417,0.6215779557703064,128,0.01,0.5,0.0
GN,noniid,balanced,25.0,0.1169,3.4557610614390315,0.6362439162947704,128,0.01,0.5,0.0
GN,noniid,balanced,26.0,0.1362,3.4866667759569387,0.6369407556690276,128,0.01,0.5,0.0
GN,noniid,balanced,27.0,0.1372,3.475043954728525,0.6310114294108935,128,0.01,0.5,0.0
GN,noniid,balanced,28.0,0.1304,3.490656922135172,0.6099262886655052,128,0.01,0.5,0.0
GN,noniid,balanced,29.0,0.1492,3.435028797463526,0.6173271519085393,128,0.01,0.5,0.0
GN,noniid,balanced,30.0,0.136,3.523990338361716,0.6098922034665011,128,0.01,0.5,0.0
GN,noniid,balanced,31.0,0.1462,3.451700856414022,0.6190506891298573,128,0.01,0.5,0.0
GN,noniid,balanced,32.0,0.1497,3.4705852375754827,0.6073432600824162,128,0.01,0.5,0.0
GN,noniid,balanced,33.0,0.161,3.429329401330103,0.6053974612925666,128,0.01,0.5,0.0
GN,noniid,balanced,34.0,0.1567,3.4232783528822885,0.6228786883053836,128,0.01,0.5,0.0
GN,noniid,balanced,35.0,0.1492,3.472270008883899,0.605281499978155,128,0.01,0.5,0.0
GN,noniid,balanced,36.0,0.1472,3.4931896185573144,0.5989024903932585,128,0.01,0.5,0.0
GN,noniid,balanced,37.0,0.151,3.4218840538700923,0.6158296668624972,128,0.01,0.5,0.0
GN,noniid,balanced,38.0,0.1449,3.4659797270086745,0.6131218547709286,128,0.01,0.5,0.0
GN,noniid,balanced,39.0,0.1432,3.500014567676979,0.6168931549284606,128,0.01,0.5,0.0
GN,noniid,balanced,40.0,0.1473,3.528872492947156,0.5930474343604872,128,0.01,0.5,0.0
GN,noniid,balanced,41.0,0.1567,3.453972798359545,0.5941595828845165,128,0.01,0.5,0.0
GN,noniid,balanced,42.0,0.1569,3.526219917249076,0.6012508004351986,128,0.01,0.5,0.0
GN,noniid,balanced,43.0,0.1621,3.4893628705905964,0.5869815848816653,128,0.01,0.5,0.0
GN,noniid,balanced,44.0,0.1648,3.451395731938036,0.584031447106274,128,0.01,0.5,0.0
GN,noniid,balanced,45.0,0.1629,3.559390707861019,0.5897329877607989,128,0.01,0.5,0.0
GN,noniid,balanced,46.0,0.1548,3.499940232385563,0.578716684011044,128,0.01,0.5,0.0
GN,noniid,balanced,47.0,0.1521,3.4875357332108896,0.5942518603242934,128,0.01,0.5,0.0
GN,noniid,balanced,48.0,0.1594,3.522074424767796,0.5839462311768439,128,0.01,0.5,0.0
GN,noniid,balanced,49.0,0.1656,3.448203639139103,0.5804909740006552,128,0.01,0.5,0.0
GN,noniid,balanced,50.0,0.1714,3.462835176081597,0.5731317315688358,128,0.01,0.5,0.0
