round,test_loss,test_acc,norm,independence,balancement,seed,train_acc,train_loss
1,2.2227874867523774,0.1815268987341772,GN,iid,balanced,0,0.1546012927174568,1.8292268419265745
2,2.123475134372711,0.1984572784810126,GN,iid,balanced,0,0.2167086468458175,1.1014014399051668
3,1.9340750173677368,0.3104825949367089,GN,iid,balanced,0,0.2997710120677947,1.039459939152002
4,1.8384499583063247,0.3520075158227848,GN,iid,balanced,0,0.3364971705913543,1.0000837278366088
5,1.8434368823148024,0.3436412183544304,GN,iid,balanced,0,0.383954066991806,0.9722517201304436
6,1.773014290272435,0.3909117879746835,GN,iid,balanced,0,0.432594286775589,0.9368908098340034
7,1.7298805451091332,0.4093552215189873,GN,iid,balanced,0,0.4775532036304473,0.9099111525714396
8,1.723846745189232,0.4106111550632912,GN,iid,balanced,0,0.5008829449653625,0.8920370669662951
9,1.6950872265839878,0.4065664556962025,GN,iid,balanced,0,0.5340072715759276,0.8700003555417062
10,1.6895458216908612,0.4228144778481013,GN,iid,balanced,0,0.5649878756523132,0.851194963157177
11,1.6494103867796404,0.4253461234177215,GN,iid,balanced,0,0.5722683177947998,0.8437611331045627
12,1.6150980887533744,0.4485759493670886,GN,iid,balanced,0,0.606663520717621,0.8222813828289508
13,1.5589823303343375,0.4871242088607594,GN,iid,balanced,0,0.5920858007431031,0.8036766463518143
14,1.5542571958107283,0.4822488132911393,GN,iid,balanced,0,0.6062304668426515,0.7988629780709744
15,1.5247183046763455,0.4953520569620253,GN,iid,balanced,0,0.6083425357818604,0.7941800157725811
16,1.5162391422670098,0.4979825949367087,GN,iid,balanced,0,0.6289944751739502,0.7767015174031258
17,1.530649376971812,0.4909018987341772,GN,iid,balanced,0,0.6427855583190917,0.7685016524791718
18,1.4973716689061516,0.4998912183544304,GN,iid,balanced,0,0.65244544506073,0.7509954515099525
19,1.4983753027795237,0.5007120253164556,GN,iid,balanced,0,0.6480758330345154,0.7630892530083656
20,1.4753671124011656,0.5106309335443038,GN,iid,balanced,0,0.6676252674102783,0.7509502229094506
21,1.4963448124595835,0.5005933544303798,GN,iid,balanced,0,0.6696161079406738,0.7437475140392781
22,1.4685673398307608,0.4990110759493671,GN,iid,balanced,0,0.6880347494125367,0.7357335473597051
23,1.4745189948926998,0.5075454905063291,GN,iid,balanced,0,0.689516431236267,0.7317119412124156
24,1.4660901911651032,0.5111253955696202,GN,iid,balanced,0,0.5696012908935546,0.8069282253086566
25,1.446028322962266,0.5193136867088607,GN,iid,balanced,0,0.5827862312316896,0.7912957897782327
26,1.4416849460782883,0.520431170886076,GN,iid,balanced,0,0.5891500514030457,0.7878516390919685
27,1.437053480253944,0.5190466772151899,GN,iid,balanced,0,0.5797851541519164,0.7882065859436989
28,1.433428159092046,0.5178006329113924,GN,iid,balanced,0,0.5720312482833863,0.7909215748310089
29,1.42423796623568,0.5265723892405063,GN,iid,balanced,0,0.5789587807655334,0.7877432031929492
30,1.46873751071435,0.5074762658227848,GN,iid,balanced,0,0.5693083217620849,0.7973484839498997
31,1.420911286978782,0.5234276107594937,GN,iid,balanced,0,0.5780300355911255,0.7828023599088192
32,1.4098842362814312,0.5258900316455696,GN,iid,balanced,0,0.5770507794380187,0.7972723391652108
33,1.4319680064539366,0.5183445411392406,GN,iid,balanced,0,0.5832792270660401,0.7983068464696408
34,1.420330590839627,0.524881329113924,GN,iid,balanced,0,0.5809779079437256,0.8035695533454417
35,1.4099593923061708,0.5301028481012658,GN,iid,balanced,0,0.5523814641952516,0.8098904143273831
36,1.4039002557344074,0.5293117088607595,GN,iid,balanced,0,0.560725348854065,0.8090089401602745
37,1.4117752218548256,0.5284612341772152,GN,iid,balanced,0,0.5703953372955322,0.8008442868292331
38,1.4055957653854467,0.5292424841772152,GN,iid,balanced,0,0.5523107470512391,0.815147472321987
39,1.4033443416221232,0.5291139240506328,GN,iid,balanced,0,0.5487257514953612,0.8343158321082592
40,1.4110620755183545,0.5247428797468354,GN,iid,balanced,0,0.5519578382492065,0.8291080515086652
41,1.401613112039204,0.5264042721518988,GN,iid,balanced,0,0.5511456073760987,0.8251270876824857
42,1.407274967658369,0.5266515031645569,GN,iid,balanced,0,0.54187971200943,0.8422354449331761
43,1.3914050385921817,0.5303599683544304,GN,iid,balanced,0,0.5607125518798829,0.8266987147927285
44,1.4069132303135303,0.5257021360759494,GN,iid,balanced,0,0.5559886833190918,0.8418967375159264
45,1.4037524500979652,0.5264636075949367,GN,iid,balanced,0,0.5617685863494873,0.8382488429546356
46,1.4036038546622551,0.5250988924050634,GN,iid,balanced,0,0.5423834840774535,0.8493935672938825
47,1.4199258683603022,0.5195411392405063,GN,iid,balanced,0,0.5552916202545167,0.8430310459434986
48,1.4095652145675466,0.5215288765822784,GN,iid,balanced,0,0.5494147328376771,0.8446795631945132
49,1.406973077073882,0.5228342563291141,GN,iid,balanced,0,0.5380973848342896,0.8566215567290781
50,1.4187751172464105,0.5192345727848101,GN,iid,balanced,0,0.5492773413658141,0.8449811753630639
1,2.5381955394262,0.0997923259493671,GN,noniid,unbalanced,0,0.334663218834821,2.253685302068205
2,2.6577747628658632,0.1358583860759493,GN,noniid,unbalanced,0,0.2212936226596003,1.1486711745676783
3,2.445669713503198,0.0993077531645569,GN,noniid,unbalanced,0,0.113380379131862,1.392668121414525
4,2.60468803387654,0.1,GN,noniid,unbalanced,0,0.1616555702669752,1.2788937045468225
5,2.686895863013932,0.1664655854430379,GN,noniid,unbalanced,0,0.2907457430739152,1.0355396746020569
6,2.2514162126975723,0.153065664556962,GN,noniid,unbalanced,0,0.1813400274935093,1.2621885898438368
7,2.503510150124755,0.1736847310126582,GN,noniid,unbalanced,0,0.3720905626526585,1.0017507152424918
8,2.5925657697870763,0.1394185126582278,GN,noniid,unbalanced,0,0.2198822575940026,1.128116889297962
9,2.4181329700011243,0.1018789556962025,GN,noniid,unbalanced,0,0.241502055959268,1.1776742630384187
10,2.3284083794943893,0.1986253955696202,GN,noniid,unbalanced,0,0.3488953030234888,1.0875355111925225
11,2.2931741617902923,0.2026404272151898,GN,noniid,unbalanced,0,0.2588683271249134,1.0702186263600983
12,2.293727204165881,0.1875494462025317,GN,noniid,unbalanced,0,0.2598591472466786,1.0502299543221791
13,2.1446298857278463,0.2108979430379746,GN,noniid,unbalanced,0,0.2695392175674438,1.1661523380875587
14,2.128479454034492,0.192790743670886,GN,noniid,unbalanced,0,0.2460907977613118,1.165960248846274
15,2.138899929463109,0.2224980221518987,GN,noniid,unbalanced,0,0.3380854573422356,1.0423240583193931
16,2.1981595039367674,0.2129054588607595,GN,noniid,unbalanced,0,0.289391791899999,1.0627013688286149
17,2.088887049427515,0.2245945411392405,GN,noniid,unbalanced,0,0.2841048364298684,1.0922062871002016
18,2.187300324138207,0.1946499208860759,GN,noniid,unbalanced,0,0.3501114549559095,1.0317431508199029
19,2.2054996146431454,0.2162381329113923,GN,noniid,unbalanced,0,0.2989918542450124,1.1368236291137608
20,2.117437101768542,0.1795787183544303,GN,noniid,unbalanced,0,0.2946688479956457,1.1097630995161396
21,2.04009220056896,0.2379153481012658,GN,noniid,unbalanced,0,0.2916790348717145,1.0730248519352503
22,2.0701347289206105,0.2052215189873417,GN,noniid,unbalanced,0,0.3079274963917939,1.063754416807838
23,2.1363376641575296,0.2200454905063291,GN,noniid,unbalanced,0,0.3907911157984482,0.9975223545965396
24,2.030506686017483,0.2384691455696202,GN,noniid,unbalanced,0,0.2154053689413948,1.150135542373908
25,2.059684304647808,0.2141613924050633,GN,noniid,unbalanced,0,0.3140641843839125,1.0583697870373725
26,1.9978891171986544,0.2556665348101265,GN,noniid,unbalanced,0,0.2982309745381707,1.163069628632587
27,2.082859877242317,0.2027195411392405,GN,noniid,unbalanced,0,0.4404945661187172,1.0493386580049993
28,2.0447317232059525,0.2545589398734177,GN,noniid,unbalanced,0,0.2562463463436473,1.1268380287018689
29,2.04750755210466,0.2717167721518987,GN,noniid,unbalanced,0,0.39159689489007,1.0577799431979655
30,2.071468997907035,0.2652096518987342,GN,noniid,unbalanced,0,0.3785540107014504,1.0176235639236189
31,1.99584555731544,0.2965090981012658,GN,noniid,unbalanced,0,0.3209851486342293,1.175726309418678
32,2.0463318992264665,0.2424149525316456,GN,noniid,unbalanced,0,0.3606655612199203,1.0774816073801206
33,2.0189633933803703,0.2561807753164556,GN,noniid,unbalanced,0,0.3068484149061971,1.0289877457751169
34,2.024007956287529,0.2657931170886076,GN,noniid,unbalanced,0,0.2878083380381266,1.0894979176918669
35,2.016556579553628,0.2629746835443038,GN,noniid,unbalanced,0,0.4136073614921834,1.1681750415099992
36,1.9704226625116563,0.2868670886075949,GN,noniid,unbalanced,0,0.3834971875217225,1.069054986205366
37,1.961800977097282,0.2949070411392405,GN,noniid,unbalanced,0,0.3378337715864181,1.0869883187115192
38,2.010027817532986,0.2740803006329114,GN,noniid,unbalanced,0,0.3194428242903489,1.1089846801299317
39,1.997833464719072,0.2864715189873417,GN,noniid,unbalanced,0,0.2964222109553061,1.1303464677773023
40,1.977680482290968,0.2942246835443038,GN,noniid,unbalanced,0,0.3955712219238281,1.2174660006165507
41,1.961435234848457,0.3051424050632911,GN,noniid,unbalanced,0,0.3425233107263391,1.1310049392960289
42,1.992599138127097,0.2652492088607595,GN,noniid,unbalanced,0,0.3509156304911563,1.190543266817143
43,1.950374258771728,0.3029667721518987,GN,noniid,unbalanced,0,0.2558915253939727,1.1474291417747735
44,1.9514483181736133,0.3002768987341772,GN,noniid,unbalanced,0,0.3714269654864356,1.1312189732279097
45,1.979797528665277,0.2889240506329114,GN,noniid,unbalanced,0,0.3949596488135201,1.2063400553805486
46,1.963865863522397,0.3049149525316456,GN,noniid,unbalanced,0,0.3430665207505226,1.1290598090738058
47,1.981292731097982,0.2947685917721518,GN,noniid,unbalanced,0,0.3030532501737276,1.205456950267156
48,1.9616197062444083,0.3012361550632911,GN,noniid,unbalanced,0,0.2900754643586966,1.2214478994791322
49,1.984865974021864,0.2903283227848101,GN,noniid,unbalanced,0,0.3090509450038274,1.284032224863768
50,1.9748662941063504,0.2924643987341772,GN,noniid,unbalanced,0,0.2660909259796141,1.2281312137842175
1,2.6823361411879336,0.1135482594936708,GN,noniid,balanced,0,0.3893655686378479,2.036908208280801
2,2.504126313064672,0.112529667721519,GN,noniid,balanced,0,0.308646953573823,1.1602317330241203
3,2.465517671802376,0.1012262658227848,GN,noniid,balanced,0,0.1695191266417503,1.290689167380333
4,2.3935599643972854,0.1118967563291139,GN,noniid,balanced,0,0.2212479781731962,1.2280153715610502
5,2.6643829297415818,0.1582179588607595,GN,noniid,balanced,0,0.2636274236679077,1.137046484053135
6,2.2540388424185256,0.1380241297468354,GN,noniid,balanced,0,0.2195063287496566,1.2977560843527316
7,2.360103903541082,0.1661886867088607,GN,noniid,balanced,0,0.2434738672077656,1.0992669159173964
8,2.306042415884477,0.1742978639240506,GN,noniid,balanced,0,0.205714573252201,1.181082254201174
9,2.295242064210433,0.1754153481012658,GN,noniid,balanced,0,0.2660317871510982,1.1321344807744027
10,2.4030301840999457,0.1421380537974683,GN,noniid,balanced,0,0.2775377140760421,1.1273749478161337
11,2.38024970926816,0.1763647151898734,GN,noniid,balanced,0,0.3471794173002242,1.0662687116861345
12,2.227852379823033,0.1694916930379746,GN,noniid,balanced,0,0.3754963621139526,1.095500623881817
13,2.2104102433482304,0.1716772151898734,GN,noniid,balanced,0,0.3056122022375464,1.097523477226496
14,2.3167263921303087,0.1785007911392405,GN,noniid,balanced,0,0.2995002681151031,1.0600700455904009
15,2.2353736296484743,0.190535996835443,GN,noniid,balanced,0,0.281448005439341,1.102918680906296
16,2.3316707025600385,0.2020569620253164,GN,noniid,balanced,0,0.3572090494945645,1.1082787710428237
17,2.1350922857658774,0.2096420094936709,GN,noniid,balanced,0,0.3349757532864809,1.0917339965701105
18,2.514953033833564,0.1723002373417721,GN,noniid,balanced,0,0.4859947440147399,0.9246165669709444
19,2.127179565459867,0.228846914556962,GN,noniid,balanced,0,0.3058378217607736,1.1305504335463046
20,2.1049401764628253,0.195164161392405,GN,noniid,balanced,0,0.3244787159636616,1.0969399820268153
21,2.115017860147017,0.1932654272151898,GN,noniid,balanced,0,0.3371518034279346,1.0337866698205471
22,2.101101216032536,0.2230419303797468,GN,noniid,balanced,0,0.272533000075817,1.0639714772999285
23,1.989817542214937,0.2481803797468354,GN,noniid,balanced,0,0.2710250534012913,1.0890364609658718
24,2.05383156583279,0.2217167721518987,GN,noniid,balanced,0,0.376171199722588,1.017760030925274
25,2.0214430089238324,0.2405854430379747,GN,noniid,balanced,0,0.2710991372108459,1.0943347093462945
26,2.025877430469175,0.2358089398734177,GN,noniid,balanced,0,0.2673410550564527,1.0874215526878834
27,2.0663354490376724,0.2222013449367088,GN,noniid,balanced,0,0.4242658927977085,0.9667531590163708
28,2.0700790031046807,0.2203322784810126,GN,noniid,balanced,0,0.3488759420618414,1.0548734313249588
29,2.0463771240620674,0.2244857594936709,GN,noniid,balanced,0,0.3820568416371941,1.100262193083763
30,2.058786112900022,0.2233089398734177,GN,noniid,balanced,0,0.3392692605763673,1.0719076615571976
31,2.05842588747604,0.2095925632911392,GN,noniid,balanced,0,0.3072380106955766,1.0606031167507173
32,2.134763987456696,0.1824861550632911,GN,noniid,balanced,0,0.4362358547329902,0.998604878038168
33,2.0112104289139374,0.2337915348101265,GN,noniid,balanced,0,0.2847770732581615,1.1080966845154765
34,2.009676374513892,0.2469936708860759,GN,noniid,balanced,0,0.3269773689851164,1.0315580208599568
35,1.9923945300186736,0.2530458860759493,GN,noniid,balanced,0,0.3283627414703369,1.0839207515120504
36,2.0169483377963684,0.2532832278481013,GN,noniid,balanced,0,0.3117584846749902,1.1412351670861245
37,1.992640098137192,0.2766020569620253,GN,noniid,balanced,0,0.2215308455005288,1.1850539423525333
38,1.9551998438714424,0.3005834651898734,GN,noniid,balanced,0,0.2937715512990951,1.1116188538074492
39,1.9519416578208344,0.2980122626582278,GN,noniid,balanced,0,0.3596369874477386,1.1158416359126568
40,2.0067898623551,0.2460245253164557,GN,noniid,balanced,0,0.3922689911365509,1.1002774772047996
41,1.9712513733513748,0.2694026898734177,GN,noniid,balanced,0,0.275531383395195,1.1340003667771816
42,2.0319954070863844,0.2559928797468354,GN,noniid,balanced,0,0.3649568954467773,1.1382705463469027
43,1.9729836717436584,0.2613528481012658,GN,noniid,balanced,0,0.350055898463726,1.1502870446443558
44,2.145707238776774,0.2085838607594936,GN,noniid,balanced,0,0.3205926710367202,1.063950106799603
45,2.040069540844688,0.2418710443037974,GN,noniid,balanced,0,0.3582300636172294,1.202921224087477
46,2.0263028783134267,0.2424643987341772,GN,noniid,balanced,0,0.351403555881977,1.254785913676023
47,2.0013861672787727,0.2423753955696202,GN,noniid,balanced,0,0.2803946640431881,1.242326043397188
48,1.9850261664088769,0.2482496044303797,GN,noniid,balanced,0,0.1945016155004501,1.250203577429056
49,1.9941623885420303,0.2485957278481013,GN,noniid,balanced,0,0.2671342927098273,1.199079678654671
50,2.01215818365918,0.2450949367088608,GN,noniid,balanced,0,0.4238173474431037,1.0526812694966794
1,1.967631864041841,0.3269715388599147,BN,iid,balanced,128,0.308946658283472,1.1652565747499466
2,1.8042870943527407,0.3945150515181426,BN,iid,balanced,128,0.6311988116264343,0.8992017182707788
3,1.7955349161123146,0.3925569818978894,BN,iid,balanced,128,0.8080913234710694,0.7637402844429015
4,1.7041979196173451,0.4471950356953578,BN,iid,balanced,128,0.8665564368247987,0.7010946880280972
5,1.681486477225262,0.444168928100421,BN,iid,balanced,128,0.8755953643798827,0.6812414003908633
6,1.652856055791994,0.4446040546826995,BN,iid,balanced,128,0.8864217376708984,0.6546934047341347
7,1.6221940782473785,0.4659153679738388,BN,iid,balanced,128,0.8919100191116331,0.645059436559677
8,1.5791394261842258,0.4838247825308008,BN,iid,balanced,128,0.8939055748939515,0.6364891768991947
9,1.5821263809215391,0.4762595135434591,BN,iid,balanced,128,0.8940571104049683,0.6304756160080432
10,1.575311303990926,0.4757353837966235,BN,iid,balanced,128,0.897720229434967,0.6166650621593
11,1.5298191685687867,0.5007254945561173,BN,iid,balanced,128,0.9004876058578493,0.6174909533560275
12,1.5202629399673069,0.5066392603789022,BN,iid,balanced,128,0.9047865015029908,0.6066187465190888
13,1.464746702116876,0.5157868078472565,BN,iid,balanced,128,0.8230441764831543,0.6664453521370888
14,1.4631601310451547,0.5143429787333326,BN,iid,balanced,128,0.8604330507278443,0.6360337698459626
15,1.457108268805317,0.5134430578472566,BN,iid,balanced,128,0.8784321074485779,0.6227088535577059
16,1.4660789671800536,0.50621402303713,BN,iid,balanced,128,0.8900680193901062,0.6114858680963516
17,1.4403162770101514,0.5132650515181425,BN,iid,balanced,128,0.886957836818695,0.6128460295498372
18,1.450081030575155,0.5097247034168768,BN,iid,balanced,128,0.8923444208145141,0.6024382992833852
19,1.4510474299550784,0.5106345135434592,BN,iid,balanced,128,0.8939527194023134,0.5997098320722579
20,1.4358122708899284,0.5122266812649781,BN,iid,balanced,128,0.8949124442100524,0.5866085170209409
21,1.422498408246264,0.5150352255687756,BN,iid,balanced,128,0.896573274421692,0.580965885668993
22,1.4357130620521057,0.5081127572143451,BN,iid,balanced,128,0.898785019493103,0.587982142791152
23,1.4166196317080426,0.5137298458219401,BN,iid,balanced,128,0.902019798183441,0.6044977849721909
24,1.42002793748884,0.5127013648092819,BN,iid,balanced,128,0.6900747548103332,0.7652192354202271
25,1.4059069028606117,0.517962440758649,BN,iid,balanced,128,0.6910681540489196,0.7650997838377953
26,1.3935349509153916,0.5229565072143452,BN,iid,balanced,128,0.6712324870109558,0.7663548032939435
27,1.3930360454769803,0.5255573774675097,BN,iid,balanced,128,0.6916985418319703,0.7357025519013405
28,1.3867869663310175,0.5275648932902945,BN,iid,balanced,128,0.6845635749816894,0.7347045357525349
29,1.3797165379716598,0.5287120451890288,BN,iid,balanced,128,0.6855327289581299,0.7416474859416484
30,1.3817461532350557,0.5271198774675099,BN,iid,balanced,128,0.6772474381446838,0.7583299873769282
31,1.3778205143722526,0.5283758110118135,BN,iid,balanced,128,0.6804902989387512,0.7535616618394851
32,1.3689129967700808,0.5320150515181428,BN,iid,balanced,128,0.6861173189163208,0.7576644530892372
33,1.3683461248342723,0.5313030262016869,BN,iid,balanced,128,0.6807064901351929,0.745545734912157
34,1.358215210354401,0.5341511274675097,BN,iid,balanced,128,0.6743581603050233,0.7574898280203343
35,1.3648992885739717,0.5321732793662439,BN,iid,balanced,128,0.5496632524490356,0.8606747348606587
36,1.3607379120584504,0.536138864809282,BN,iid,balanced,128,0.5607273686408997,0.8374157422780991
37,1.3731081062702413,0.5309766812649781,BN,iid,balanced,128,0.5374501589775085,0.8769992741942406
38,1.3634502141758582,0.5338050040497884,BN,iid,balanced,128,0.5481654067993165,0.8434034273028376
39,1.355157725516374,0.5363465388599149,BN,iid,balanced,128,0.5509253745079041,0.8383421677350998
40,1.364106587918119,0.5344379154421932,BN,iid,balanced,128,0.5409125791549683,0.8750732402503489
41,1.3674652132274958,0.5314019186067502,BN,iid,balanced,128,0.5436334834098815,0.8689319895207884
42,1.363049550848291,0.5340423458219401,BN,iid,balanced,128,0.5489392486572265,0.8661457377672196
43,1.3695364865543695,0.5333402097459907,BN,iid,balanced,128,0.5415234344482422,0.8559335158765318
44,1.357055718936118,0.5358817445561175,BN,iid,balanced,128,0.5496201486587525,0.8533534602820874
45,1.3564283619421167,0.5372563489864972,BN,iid,balanced,128,0.5502424552917481,0.8470204657316207
46,1.3534595449736575,0.538156269872573,BN,iid,balanced,128,0.5291675621986389,0.8920259970426561
47,1.3537446772972968,0.5384727255687756,BN,iid,balanced,128,0.5253906233787535,0.8727603849768638
48,1.358259559831662,0.5372464597459907,BN,iid,balanced,128,0.5177902728080749,0.8842618101835251
49,1.3670103240084772,0.5337357793662441,BN,iid,balanced,128,0.518771549987793,0.9101860566437244
50,1.3540590391351428,0.5362970926573831,BN,iid,balanced,128,0.5114028808593749,0.9153012712299824
1,3.251549660050036,0.109161016708016,BN,noniid,unbalanced,128,0.282861385677542,1.3890401774219103
2,2.4649138911838,0.1417856211383958,BN,noniid,unbalanced,128,0.2268411390554336,1.2281941012257622
3,2.4446283318796462,0.2169537382270033,BN,noniid,unbalanced,128,0.1441368120344061,1.2317329521241942
4,2.4371036601440035,0.1803536591130793,BN,noniid,unbalanced,128,0.3050359879136085,1.1296263580520949
5,2.577254481805652,0.1198018394928261,BN,noniid,unbalanced,128,0.1917815045118331,1.2146266483742258
6,2.199340241113416,0.2210478837966236,BN,noniid,unbalanced,128,0.1540536885502792,1.3670792866320836
7,2.3254769714040817,0.1814414755687755,BN,noniid,unbalanced,128,0.2891912722133455,1.120983907296544
8,2.437098286672104,0.2142737540497882,BN,noniid,unbalanced,128,0.4023998905569314,0.9857701800763607
9,2.25429978018282,0.2020605420244717,BN,noniid,unbalanced,128,0.2629236673886577,1.192916046641767
10,2.603890461506343,0.1279307951890286,BN,noniid,unbalanced,128,0.2842658666536212,1.1529334473609925
11,2.1859172690740847,0.233498437594092,BN,noniid,unbalanced,128,0.3284358600527047,1.0941314656626095
12,2.288479966551064,0.2229169502523198,BN,noniid,unbalanced,128,0.4389933602923438,0.923989713333902
13,2.4836832003725453,0.1164790546826995,BN,noniid,unbalanced,128,0.3566934591084718,1.126988166756928
14,2.3288587254282014,0.2378497034168768,BN,noniid,unbalanced,128,0.3923802579591672,1.0758105910072724
15,2.3314068046774263,0.2373255736700413,BN,noniid,unbalanced,128,0.4399253071429937,0.9810242121634276
16,2.283556582753791,0.2508046084801679,BN,noniid,unbalanced,128,0.4060608735900176,0.951040501500431
17,2.262637768161068,0.1899758901257376,BN,noniid,unbalanced,128,0.4276778084754943,0.975822439491749
18,2.1686636018824696,0.1894418711383957,BN,noniid,unbalanced,128,0.4209851515694804,0.9215888334357218
19,2.135755439898256,0.2217895768345983,BN,noniid,unbalanced,128,0.5316734938848586,0.8748139675174441
20,2.1593974701433964,0.2405791337966236,BN,noniid,unbalanced,128,0.5091728510459264,0.905693309009075
21,2.5770885795954634,0.167814102151054,BN,noniid,unbalanced,128,0.5398763804700639,0.7437244224051633
22,2.240764205312047,0.2176558743029527,BN,noniid,unbalanced,128,0.4115984344289582,0.9507994465968188
23,2.338736175079509,0.236475098986497,BN,noniid,unbalanced,128,0.5296916995942593,0.8858540522555511
24,2.185434443384407,0.2400352255687755,BN,noniid,unbalanced,128,0.4689749707370996,0.9348932844400408
25,2.2515806033109538,0.1994497825308008,BN,noniid,unbalanced,128,0.4278632473437874,0.992165423432986
26,2.09971659238542,0.2494102255687755,BN,noniid,unbalanced,128,0.461177950474951,1.0194974271787536
27,2.1003764455299567,0.3213544502523198,BN,noniid,unbalanced,128,0.4596623286780189,0.9427550100228366
28,2.111019644502972,0.2172701939232059,BN,noniid,unbalanced,128,0.4941466334286858,0.9072207603384468
29,2.3010833077260937,0.303721934429535,BN,noniid,unbalanced,128,0.5997589287715298,0.8861509372081076
30,2.639904475611597,0.2908659217713071,BN,noniid,unbalanced,128,0.4674336097372903,0.943403225309319
31,2.397057262651148,0.2597148141763704,BN,noniid,unbalanced,128,0.5297677518299647,0.9011221840268088
32,2.085296983152625,0.3236289755687755,BN,noniid,unbalanced,128,0.4410896945975042,0.92077589773319
33,1.973621477152348,0.3242915546826996,BN,noniid,unbalanced,128,0.4073218538635655,0.9805014414222616
34,2.3149282901569985,0.2723038173409274,BN,noniid,unbalanced,128,0.5445509950464422,0.8654147922992707
35,2.4980854311543896,0.3127112540497882,BN,noniid,unbalanced,128,0.2411697384970528,1.1206282851951463
36,2.041564807355779,0.2315799249358641,BN,noniid,unbalanced,128,0.417375787848518,1.0273794988791145
37,1.9566661841729749,0.3411527097459907,BN,noniid,unbalanced,128,0.4550527583956717,1.048074923083186
38,2.021726395909919,0.2761408426573831,BN,noniid,unbalanced,128,0.4179638346983836,1.0253193599673418
39,2.032415432363746,0.3030692445561173,BN,noniid,unbalanced,128,0.3946899372604158,1.0563395664095876
40,2.0321203911828816,0.3243113331637122,BN,noniid,unbalanced,128,0.4854008440196514,1.0227410607039928
41,2.1552822020457487,0.2574600673409274,BN,noniid,unbalanced,128,0.5071491758584976,0.9510596252977848
42,2.049606425799521,0.3128694818978894,BN,noniid,unbalanced,128,0.4918055103778839,1.051464747339487
43,2.0647711050129365,0.3788010483535856,BN,noniid,unbalanced,128,0.3770931120748105,1.035945646011311
44,2.070559468849925,0.2493607793662439,BN,noniid,unbalanced,128,0.4723323234748841,0.98492820250988
45,2.081101692575063,0.2542856211383957,BN,noniid,unbalanced,128,0.4364018892745176,0.9880526902774972
46,2.0961197218785537,0.28404234582194,BN,noniid,unbalanced,128,0.3060199386732918,1.078332276287533
47,2.0955027047059933,0.2623552413915603,BN,noniid,unbalanced,128,0.2278659320899418,1.2166003344314438
48,2.7256609222025032,0.2996574565814337,BN,noniid,unbalanced,128,0.3918741880655288,1.1897012346065965
49,2.2594620640741847,0.3272088806320666,BN,noniid,unbalanced,128,0.3466626297289675,1.0803187936544416
50,2.369324940012601,0.3050273141763703,BN,noniid,unbalanced,128,0.4037115564664204,1.100946175456047
1,2.423400276016205,0.1639869660751046,BN,noniid,balanced,128,0.3358270447075367,1.2729251251369715
2,2.436241838546868,0.1565008110118135,BN,noniid,balanced,128,0.2752505375891924,1.1700707012414933
3,2.41110517611194,0.1541273932902945,BN,noniid,balanced,128,0.2049555485993623,1.247369679734111
4,2.4315508615589567,0.1734114122776363,BN,noniid,balanced,128,0.2023464426979422,1.2179090015590193
5,2.3559735653743688,0.1448413964548514,BN,noniid,balanced,128,0.2750350203573703,1.1965346989780663
6,2.402791632224862,0.116162598986497,BN,noniid,balanced,128,0.2098215239197015,1.2224152234196664
7,2.371463285163608,0.1796614122776363,BN,noniid,balanced,128,0.1997737057402729,1.2631028452515602
8,2.176495285675116,0.2170921875940919,BN,noniid,balanced,128,0.1276757797196507,1.2314823426306247
9,2.5531606220968897,0.2283857002523198,BN,noniid,balanced,128,0.2444888184860348,1.1469226130843162
10,2.575590669904704,0.1945546084801679,BN,noniid,balanced,128,0.4210762371778488,1.025579338297248
11,2.3367356180612773,0.1660043711383958,BN,noniid,balanced,128,0.3063058978751302,1.1079850628972054
12,2.381388900347523,0.1848334850624464,BN,noniid,balanced,128,0.2744511025071144,1.128989403694868
13,2.31659983164864,0.1949600673409274,BN,noniid,balanced,128,0.2582307369858026,1.185416501313448
14,2.285283086820114,0.1976103837966236,BN,noniid,balanced,128,0.2609462541699409,1.1538998818397523
15,2.370584141551314,0.2072721717713072,BN,noniid,balanced,128,0.3739560865670442,1.0919493390619754
16,2.2518306011863127,0.2413603837966236,BN,noniid,balanced,128,0.2975619599699974,1.1117686454951765
17,2.310835251573895,0.2129387065814337,BN,noniid,balanced,128,0.2904317062944174,1.1216262124478815
18,2.3001801131114905,0.2366135483535856,BN,noniid,balanced,128,0.3537621217563748,1.0272550868988035
19,2.200480563979735,0.244168928100421,BN,noniid,balanced,128,0.3591056026160716,1.0267546752095222
20,2.4342974346872346,0.1967994660751046,BN,noniid,balanced,128,0.3841412968173622,1.0688777401298286
21,2.2748527404096284,0.2422306369611805,BN,noniid,balanced,128,0.4408970884799957,0.9682859489321708
22,2.254936634082957,0.2420229629105477,BN,noniid,balanced,128,0.3949629568651319,0.981467393860221
23,2.275276224016763,0.206935937594092,BN,noniid,balanced,128,0.285792024962604,1.1469236336648465
24,2.1030835039476026,0.2401934534168768,BN,noniid,balanced,128,0.2696188026800751,1.1481780335307123
25,2.1894023832863616,0.2202072983535856,BN,noniid,balanced,128,0.3091641966611146,1.2323482762277125
26,2.14850624794409,0.2026538964548515,BN,noniid,balanced,128,0.3380004028946161,1.1832015942037106
27,2.1382580907507007,0.2330929787333325,BN,noniid,balanced,128,0.4425222235113382,0.9946502515673638
28,2.653210431359611,0.2184865705054844,BN,noniid,balanced,128,0.3424393844783305,1.120196799635887
29,2.143422643692808,0.2492915546826996,BN,noniid,balanced,128,0.2745743510797619,1.1144293098151683
30,2.250896085915307,0.2432690072143451,BN,noniid,balanced,128,0.3118318955987691,1.104719978272915
31,2.0961745890858032,0.2844675831637122,BN,noniid,balanced,128,0.2541480326578021,1.0888134472072124
32,2.035865885041557,0.2644913173409274,BN,noniid,balanced,128,0.2591769925951958,1.1243063534796236
33,2.139985825087071,0.2373255736700413,BN,noniid,balanced,128,0.3478091314509511,1.1088503789901734
34,2.2931636586442,0.1875629154421932,BN,noniid,balanced,128,0.453152611118555,0.9724275469779968
35,2.26354506372613,0.202911016708016,BN,noniid,balanced,128,0.3225518581867218,1.154768157452345
36,2.162932207259571,0.2465917920244717,BN,noniid,balanced,128,0.2865436416864395,1.1752705498039722
37,2.215486431068632,0.2315304787333324,BN,noniid,balanced,128,0.2378199069142341,1.2890740773081784
38,2.1555907768007296,0.2317974882270033,BN,noniid,balanced,128,0.2401400854930281,1.3894324640929698
39,2.122899993106909,0.2505178205054844,BN,noniid,balanced,128,0.2392281772494316,1.397225638628006
40,2.2870421295901617,0.270187519872573,BN,noniid,balanced,128,0.2691911362901329,1.359099822938442
41,2.149601499588804,0.2648176622776363,BN,noniid,balanced,128,0.2818723049640655,1.2519812925159932
42,2.2437134876503952,0.2235201939232059,BN,noniid,balanced,128,0.3173417282521725,1.2294746302068231
43,2.0198492783002435,0.2800372034168768,BN,noniid,balanced,128,0.3191965239405632,1.4351578828692435
44,2.097976300934822,0.2668152888599148,BN,noniid,balanced,128,0.2541857479810714,1.3815205529332162
45,2.055820874118727,0.2417361749358641,BN,noniid,balanced,128,0.3673713618040085,1.1855355723202228
46,2.089551132034272,0.2791372825308008,BN,noniid,balanced,128,0.2738389005422592,1.14206832960248
47,2.0745227466123737,0.2256364913915603,BN,noniid,balanced,128,0.303557381182909,1.1023544721305372
48,2.021048152242656,0.2674778679738389,BN,noniid,balanced,128,0.2376784748792648,1.1631052231788637
49,2.0207199406997285,0.2965621243029527,BN,noniid,balanced,128,0.2103353979706763,1.2053733813762662
50,2.1031913123021373,0.2945644977206742,BN,noniid,balanced,128,0.2594679411768913,1.2108750247955322
1,2.261179117613201,0.1708267405063291,GN,iid,balanced,128,0.125356950199604,1.631695745289326
2,2.144505843633338,0.2181566455696202,GN,iid,balanced,128,0.1885082159280776,1.1388031819462776
3,2.023855195769781,0.2614814082278481,GN,iid,balanced,128,0.247162580037117,1.0830053466558456
4,1.958771436274806,0.2837915348101265,GN,iid,balanced,128,0.2796854786872863,1.0528885608911516
5,1.934486831592608,0.3078817246835443,GN,iid,balanced,128,0.316911367559433,1.021110504120588
6,1.8095856260649763,0.3723200158227848,GN,iid,balanced,128,0.3642194222927092,0.974263028651476
7,1.7933421568025516,0.3688884493670886,GN,iid,balanced,128,0.4040193955421447,0.9490251252055169
8,1.7243431011332742,0.4205300632911393,GN,iid,balanced,128,0.4322373372554778,0.9268793369829652
9,1.6823188958288748,0.4347804588607594,GN,iid,balanced,128,0.4634462536334991,0.9066942982375622
10,1.6925418746622305,0.410185917721519,GN,iid,balanced,128,0.4985540125846862,0.8806820030510426
11,1.641142858583716,0.4392306170886075,GN,iid,balanced,128,0.5199750792503356,0.8721356882154943
12,1.6433265382730509,0.4291633702531646,GN,iid,balanced,128,0.5582186139106751,0.8474650099873543
13,1.5755126177510128,0.4778382120253164,GN,iid,balanced,128,0.5539156767845155,0.8341363313794137
14,1.562568579746198,0.4772844145569619,GN,iid,balanced,128,0.5883432092666626,0.8001137617230416
15,1.5400018397765824,0.4860166139240506,GN,iid,balanced,128,0.599356140422821,0.7888405320048333
16,1.5409858534607703,0.4851463607594937,GN,iid,balanced,128,0.6120299004554749,0.7799071435630321
17,1.5137065155596672,0.4887460443037975,GN,iid,balanced,128,0.6197662967681884,0.7779749347269536
18,1.5194541903990733,0.4834849683544304,GN,iid,balanced,128,0.6422609081268311,0.7700690463185311
19,1.4966760386394549,0.4930577531645569,GN,iid,balanced,128,0.6382644106864928,0.7615170042216778
20,1.5374868029280553,0.4749208860759493,GN,iid,balanced,128,0.6518628747940063,0.750788753926754
21,1.497362949425661,0.4888053797468354,GN,iid,balanced,128,0.6669120396614076,0.7314080928266049
22,1.4797675872150855,0.4935423259493671,GN,iid,balanced,128,0.6921363123893738,0.7200933139026164
23,1.485489315926274,0.4872527689873418,GN,iid,balanced,128,0.6945096965789795,0.7195505215227602
24,1.4648579152324532,0.5015723892405063,GN,iid,balanced,128,0.5642389527320862,0.8226675817370415
25,1.4749842150301873,0.492820411392405,GN,iid,balanced,128,0.5629929933547974,0.8101607902348043
26,1.4765804299825354,0.4929588607594937,GN,iid,balanced,128,0.5557920238494873,0.8085951536893846
27,1.4909640716601025,0.4914161392405063,GN,iid,balanced,128,0.5652539039611816,0.7931386774778367
28,1.465211888506443,0.4988330696202532,GN,iid,balanced,128,0.5654700949668884,0.8001763734221459
29,1.4795009281061873,0.4925929588607595,GN,iid,balanced,128,0.5544147334098816,0.8079627804458142
30,1.470212358311762,0.4982100474683544,GN,iid,balanced,128,0.5601057364463806,0.801987614184618
31,1.4535096784935722,0.4957772943037974,GN,iid,balanced,128,0.5665995392799378,0.7925004218518735
32,1.4732795585559892,0.4961629746835443,GN,iid,balanced,128,0.5684307631492614,0.8000423401594162
33,1.4313225902334044,0.5042820411392406,GN,iid,balanced,128,0.5626481658935548,0.8121660323441029
34,1.4598756577395189,0.4945708069620253,GN,iid,balanced,128,0.566961205291748,0.8193468159437177
35,1.447380133369301,0.5017009493670886,GN,iid,balanced,128,0.5375646537780762,0.8148298986256123
36,1.4421895529650437,0.5047765031645569,GN,iid,balanced,128,0.5487405689239503,0.839544115960598
37,1.4317906025089795,0.5064576740506329,GN,iid,balanced,128,0.5418702834129333,0.8398746582865714
38,1.437773104709915,0.5045490506329113,GN,iid,balanced,128,0.5473679954528807,0.8245348094403744
39,1.4743565704249129,0.4965684335443038,GN,iid,balanced,128,0.5385365003585816,0.8276409278810025
40,1.4412305060821244,0.5045193829113924,GN,iid,balanced,128,0.5441433174133301,0.8312603902816772
41,1.4460390290127525,0.504291930379747,GN,iid,balanced,128,0.5361435859680176,0.8340863481163978
42,1.452521001311797,0.4980419303797469,GN,iid,balanced,128,0.5442631978988648,0.8335682509839536
43,1.4397417471378664,0.5009988132911393,GN,iid,balanced,128,0.5271524753570558,0.8422981537878513
44,1.4488022217267675,0.5040051424050633,GN,iid,balanced,128,0.5384684785842895,0.8330243787169456
45,1.4478588911551464,0.5006032436708862,GN,iid,balanced,128,0.5305367704391479,0.8458682438731193
46,1.4505779273902313,0.4989814082278481,GN,iid,balanced,128,0.53295393075943,0.8779423236846924
47,1.4300581870199758,0.5032041139240506,GN,iid,balanced,128,0.5332300624847413,0.8818343876302241
48,1.4422953916501395,0.5017009493670886,GN,iid,balanced,128,0.5202693942070007,0.881859200000763
49,1.4508062356634983,0.4991791930379747,GN,iid,balanced,128,0.5272252125740051,0.8566002386808396
50,1.459188082550145,0.4957871835443038,GN,iid,balanced,128,0.5230158913612366,0.8835480533540249
1,2.6049334003955504,0.1054489715189873,GN,noniid,unbalanced,128,0.2839053061178752,2.365122125829969
2,2.6110142562962784,0.1038864715189873,GN,noniid,unbalanced,128,0.1878601280848185,1.227210363178026
3,2.4416070210782785,0.0997923259493671,GN,noniid,unbalanced,128,0.1627444426887913,1.3032150878718023
4,2.6237805970107453,0.1474980221518987,GN,noniid,unbalanced,128,0.2270627084473768,1.1989349727829297
5,2.772362306148191,0.1150316455696202,GN,noniid,unbalanced,128,0.2015960885182671,1.2498193709746652
6,2.226208474062666,0.169560917721519,GN,noniid,unbalanced,128,0.1288576460792904,1.4253574335858936
7,2.6598193141478528,0.106882911392405,GN,noniid,unbalanced,128,0.2707750560329073,1.2249071085736865
8,2.63323579438125,0.1406744462025316,GN,noniid,unbalanced,128,0.3173386411964893,1.08089919090271
9,2.3933067578303664,0.1340288765822784,GN,noniid,unbalanced,128,0.2494593714674313,1.2168303906917572
10,2.347708686394028,0.1375791139240506,GN,noniid,unbalanced,128,0.2574919006362557,1.281566541492939
11,2.3525628509400764,0.1581784018987341,GN,noniid,unbalanced,128,0.235847118763761,1.1950647130608558
12,2.3923948930788645,0.1375494462025316,GN,noniid,unbalanced,128,0.2672996596722375,1.0992441970677602
13,2.3161055679562725,0.1605715981012658,GN,noniid,unbalanced,128,0.3066451742704957,1.2659950844943524
14,2.190947123117085,0.2009592563291139,GN,noniid,unbalanced,128,0.2761113681147495,1.201620660101374
15,2.154517140871362,0.1757318037974683,GN,noniid,unbalanced,128,0.2708177597419075,1.1308113992214204
16,2.3012808155409896,0.1814280063291139,GN,noniid,unbalanced,128,0.3056302883499546,1.0434739028152666
17,2.1503938622112515,0.1986847310126582,GN,noniid,unbalanced,128,0.3114359886154532,1.116437490582466
18,2.206037830099275,0.1704707278481012,GN,noniid,unbalanced,128,0.3076616476566895,1.1016838111307312
19,2.190717888331112,0.2130439082278481,GN,noniid,unbalanced,128,0.2885754197168918,1.0647509752284914
20,2.1721660693989526,0.2212420886075949,GN,noniid,unbalanced,128,0.2865279944472843,1.0660400350888568
21,2.5537614292736297,0.1937994462025317,GN,noniid,unbalanced,128,0.4233645029995176,0.8910791791147655
22,2.167059258720543,0.2005933544303797,GN,noniid,unbalanced,128,0.286673205165302,1.1405509906656603
23,2.123779378058035,0.2007318037974683,GN,noniid,unbalanced,128,0.2865331338879963,1.0728109809259574
24,2.085524016241484,0.2160601265822784,GN,noniid,unbalanced,128,0.3319402339622378,1.0999767725169658
25,2.041490160664426,0.2281151107594936,GN,noniid,unbalanced,128,0.3336519317737331,1.1066489384130194
26,2.0198041043704067,0.2666534810126582,GN,noniid,unbalanced,128,0.2473706227805879,1.1426190603110524
27,1.9898252399661875,0.2628263449367088,GN,noniid,unbalanced,128,0.3563094694474163,1.084574010442285
28,2.047935085809684,0.2343354430379746,GN,noniid,unbalanced,128,0.3416356543232413,1.049879272720393
29,2.021856384035907,0.2385087025316456,GN,noniid,unbalanced,128,0.3700027220930371,1.1151165749345506
30,1.9993037748940383,0.2356507120253164,GN,noniid,unbalanced,128,0.2330094463808669,1.0889093577861786
31,1.9822180412992647,0.2642800632911392,GN,noniid,unbalanced,128,0.2670071150688898,1.0708858789432616
32,2.027306545082527,0.2314675632911392,GN,noniid,unbalanced,128,0.2988367414907976,1.1345885494893246
33,2.0289655416826657,0.234167325949367,GN,noniid,unbalanced,128,0.3064474213499771,1.0905755529278205
34,2.100805723365349,0.2105518196202531,GN,noniid,unbalanced,128,0.4041804917942394,0.9711060644550756
35,2.040935867194888,0.2455003955696202,GN,noniid,unbalanced,128,0.219295542035784,1.1569221666881015
36,2.042888776410984,0.2294007120253164,GN,noniid,unbalanced,128,0.2935542732306889,1.195606321238336
37,2.004472902756703,0.248289161392405,GN,noniid,unbalanced,128,0.2311790528595447,1.2513277776539329
38,2.0164863855023927,0.2282634493670886,GN,noniid,unbalanced,128,0.2514817839070008,1.1816219352758848
39,1.9746142844610577,0.2567939082278481,GN,noniid,unbalanced,128,0.2705761968112654,1.1620624249180156
40,2.0294040711620185,0.2463014240506328,GN,noniid,unbalanced,128,0.3463457924604415,1.1999439457058907
41,2.005889586859112,0.256220332278481,GN,noniid,unbalanced,128,0.4168614109039307,1.072320217192173
42,1.992054200926913,0.2638251582278481,GN,noniid,unbalanced,128,0.3156732186555862,1.2118918012082578
43,1.9725942423072045,0.2727848101265823,GN,noniid,unbalanced,128,0.2899140489101409,1.1493353124545966
44,1.965147012094908,0.271875,GN,noniid,unbalanced,128,0.3405258713912963,1.17319118642807
45,1.9840460858767544,0.2525613132911392,GN,noniid,unbalanced,128,0.3619186290105183,1.1348837293684482
46,1.9861410163625888,0.2528382120253164,GN,noniid,unbalanced,128,0.2631075822966439,1.2202714437530156
47,1.972209205657621,0.2614319620253164,GN,noniid,unbalanced,128,0.1900490004846027,1.3048213903393062
48,1.971845118456249,0.2604727056962025,GN,noniid,unbalanced,128,0.3628084254173132,1.320736181277495
49,1.9514901180810569,0.266287579113924,GN,noniid,unbalanced,128,0.2905680656135082,1.1577212891795416
50,1.96284976578966,0.2602749208860759,GN,noniid,unbalanced,128,0.2725542202472686,1.2127443494399386
1,2.8031098401999173,0.1028283227848101,GN,noniid,balanced,128,0.3801010218620299,2.348570682629944
2,2.7657716135435466,0.0997231012658228,GN,noniid,balanced,128,0.284747439289093,1.1942598745226858
3,2.576563048664528,0.1010680379746835,GN,noniid,balanced,128,0.1700323260486125,1.261624342612922
4,2.5896011174479616,0.1324169303797468,GN,noniid,balanced,128,0.1570426988363265,1.253076723963022
5,2.618249272092988,0.1000692246835443,GN,noniid,balanced,128,0.2178071118608116,1.3024650567024945
6,2.5113384234754346,0.1000692246835443,GN,noniid,balanced,128,0.1872535009384154,1.2714084413647653
7,2.4419199038155472,0.1346815664556962,GN,noniid,balanced,128,0.2053050910711288,1.308995276838541
8,2.3943474570407144,0.1417721518987341,GN,noniid,balanced,128,0.0961402202844619,1.3514284493029116
9,2.3499798780755152,0.1493868670886076,GN,noniid,balanced,128,0.271804954893887,1.1649044850468635
10,2.77521961369092,0.1358386075949367,GN,noniid,balanced,128,0.3804532577037811,1.0486597759276628
11,2.4019846965995018,0.1421380537974683,GN,noniid,balanced,128,0.2461570570677518,1.199946428835392
12,2.3791393802135805,0.1689082278481012,GN,noniid,balanced,128,0.2414735982060432,1.1653808733820914
13,2.2519109585617163,0.1774920886075949,GN,noniid,balanced,128,0.2629923206746578,1.1565100933611392
14,2.241793884657606,0.2148338607594936,GN,noniid,balanced,128,0.2170642502978443,1.1882021141052246
15,2.246190123014812,0.180379746835443,GN,noniid,balanced,128,0.3422757261291146,1.0954500389099124
16,2.116883328745637,0.2269481803797468,GN,noniid,balanced,128,0.301845365345478,1.1213928294181823
17,2.2118053027346165,0.2376087816455696,GN,noniid,balanced,128,0.2902673755511641,1.1385765263438226
18,2.170291621624669,0.2044897151898734,GN,noniid,balanced,128,0.3079141959562897,1.0748365804553033
19,2.196453466294687,0.2101760284810126,GN,noniid,balanced,128,0.2573767500862479,1.1405407507717606
20,2.488106360465665,0.1801918512658228,GN,noniid,balanced,128,0.4038106125846504,1.079623457938433
21,2.3331417275380484,0.1915842563291139,GN,noniid,balanced,128,0.4033479240417479,1.0132578422129153
22,2.231079188177857,0.1970332278481013,GN,noniid,balanced,128,0.3470063295572996,1.024920610934496
23,2.1332148909568787,0.2118374208860759,GN,noniid,balanced,128,0.2511617717251181,1.1984289483726027
24,2.050317086901846,0.2268789556962024,GN,noniid,balanced,128,0.2189527201250195,1.186762181967497
25,2.1097359907778004,0.2260482594936709,GN,noniid,balanced,128,0.3324575693339109,1.2221156349778175
26,2.050346653672713,0.2362638449367088,GN,noniid,balanced,128,0.3172508073329925,1.2377207554876803
27,2.12588587501381,0.2053995253164556,GN,noniid,balanced,128,0.3349030164018273,1.0669054320454598
28,2.0923750045933303,0.2060225474683543,GN,noniid,balanced,128,0.3248437488034367,1.1491754034161568
29,2.0841630682160583,0.2155755537974683,GN,noniid,balanced,128,0.2621443959996103,1.142266885191202
30,2.110183155989345,0.200603243670886,GN,noniid,balanced,128,0.3114190455555915,1.1411749452352522
31,2.050292487385907,0.249881329113924,GN,noniid,balanced,128,0.2130172409221529,1.1804579563438893
32,2.061381032647966,0.2234375,GN,noniid,balanced,128,0.1991015619054436,1.2176390922069549
33,2.038305438319339,0.2392009493670886,GN,noniid,balanced,128,0.2523282589852809,1.2676495248079298
34,2.1271291082418418,0.183386075949367,GN,noniid,balanced,128,0.409543370938301,1.1373006992042067
35,2.101411738124075,0.1939576740506328,GN,noniid,balanced,128,0.2395554948687553,1.2158665308356285
36,2.0852269478991063,0.1931071993670886,GN,noniid,balanced,128,0.1513133073836564,1.2487079110741617
37,2.045836070972153,0.2081981803797468,GN,noniid,balanced,128,0.3070911894157528,1.3533014100790026
38,2.0412920754167097,0.2137361550632911,GN,noniid,balanced,128,0.2359024770393967,1.4444015541672706
39,2.02515931657598,0.2377966772151898,GN,noniid,balanced,128,0.1897231943875551,1.517299128174782
40,2.048009434832802,0.2223200158227848,GN,noniid,balanced,128,0.1954667290031909,1.4834277781844138
41,2.056644742700118,0.2203322784810126,GN,noniid,balanced,128,0.2647070305615663,1.3872300094366077
42,2.0014323338677613,0.2590288765822784,GN,noniid,balanced,128,0.2484300907969475,1.3841391319036482
43,1.9995934530149533,0.2497428797468354,GN,noniid,balanced,128,0.3433802520751953,1.5349664351344108
44,2.0089757516414304,0.2410700158227847,GN,noniid,balanced,128,0.2518615293636917,1.3180330732464791
45,2.0088477652284165,0.2424545094936709,GN,noniid,balanced,128,0.3544356128752232,1.2972224938869474
46,2.007775233667108,0.242909414556962,GN,noniid,balanced,128,0.2507374731540679,1.2055029517412186
47,2.0128314836115777,0.2406942246835443,GN,noniid,balanced,128,0.266559130936861,1.1723505364358426
48,2.0135120489929297,0.2432654272151898,GN,noniid,balanced,128,0.2209974398136138,1.210640147179365
49,2.0154181146923498,0.23984375,GN,noniid,balanced,128,0.1996652743965387,1.2950317867100238
50,1.997675543948065,0.2454806170886076,GN,noniid,balanced,128,0.2151293095886707,1.3203430759906771
1,1.963948223862467,0.320282832278481,BN,iid,balanced,479,0.316462822151184,1.1914123469591145
2,1.8151290148119383,0.4108979430379746,BN,iid,balanced,479,0.5907213075637817,0.8999871285259722
3,1.7487736941892889,0.4264636075949367,BN,iid,balanced,479,0.8107381433486939,0.7442670914530755
4,1.707226848602295,0.435818829113924,BN,iid,balanced,479,0.858184938097,0.69324167907238
5,1.6876127369796174,0.4458267405063291,BN,iid,balanced,479,0.8773181547164917,0.6736452098190784
6,1.6463255256037168,0.4560027689873418,BN,iid,balanced,479,0.8859119056701662,0.6504247295856476
7,1.6107776466804216,0.4653085443037975,BN,iid,balanced,479,0.8932596961021423,0.6361137670278549
8,1.637397025808503,0.4549050632911393,BN,iid,balanced,479,0.8956802240371704,0.6281423276662828
9,1.5780911370168758,0.4801720727848101,BN,iid,balanced,479,0.9024555479049684,0.6159310410916805
10,1.5755545466761045,0.490773338607595,BN,iid,balanced,479,0.9061610970497131,0.6106527526676655
11,1.5378545243528825,0.5044996044303798,BN,iid,balanced,479,0.907260908603668,0.6053036902844906
12,1.5503300031529197,0.5033722310126582,BN,iid,balanced,479,0.9109523158073426,0.6002193485200406
13,1.4622754751881466,0.5160601265822785,BN,iid,balanced,479,0.821600211906433,0.6568837971985341
14,1.455682105203218,0.5174050632911392,BN,iid,balanced,479,0.868730465221405,0.6218243235349654
15,1.4507725093938126,0.5186609968354431,BN,iid,balanced,479,0.8764641676902771,0.6170637295395136
16,1.4604453461079658,0.5116791930379747,BN,iid,balanced,479,0.8751192053794862,0.6226331722736359
17,1.461269768129421,0.5077927215189874,BN,iid,balanced,479,0.8843662412643434,0.6022864492982627
18,1.455775902542887,0.5099980221518987,BN,iid,balanced,479,0.8855906496047974,0.6098147216439246
19,1.4624914861932583,0.50078125,BN,iid,balanced,479,0.8925350189208985,0.5967157745361329
20,1.4664422940604294,0.5090585443037975,BN,iid,balanced,479,0.8882307355880737,0.5919984474778175
21,1.443938375575633,0.5098595727848101,BN,iid,balanced,479,0.8915241086006166,0.6011961060762406
22,1.433205799965919,0.507931170886076,BN,iid,balanced,479,0.8915490272521973,0.5876809165626764
23,1.453610171547419,0.5091673259493671,BN,iid,balanced,479,0.8992012370109558,0.5872071378678083
24,1.434105169471306,0.5103738132911393,BN,iid,balanced,479,0.678846979522705,0.7527523784339428
25,1.4164829023276704,0.5172072784810127,BN,iid,balanced,479,0.6818581603050232,0.7481039148569109
26,1.4118054551414296,0.5207674050632912,BN,iid,balanced,479,0.6734731929779053,0.7408625216782092
27,1.4206371572198746,0.5209256329113924,BN,iid,balanced,479,0.6807684517860413,0.7464704830944537
28,1.3907860677453536,0.5259196993670886,BN,iid,balanced,479,0.6730919964790345,0.7450670365989208
29,1.3873385621022574,0.5282535601265823,BN,iid,balanced,479,0.6715220884323119,0.7493848624825478
30,1.38254915430576,0.5283326740506329,BN,iid,balanced,479,0.6706701208114623,0.7513266763091087
31,1.3857374495343318,0.5287480221518988,BN,iid,balanced,479,0.6892153804779053,0.7322253960371018
32,1.373960738317876,0.5313488924050633,BN,iid,balanced,479,0.667438036251068,0.7450001029670238
33,1.373708851201625,0.5309236550632912,BN,iid,balanced,479,0.6740840495109558,0.7437803401052953
34,1.367811582963678,0.5348694620253165,BN,iid,balanced,479,0.6778468447685241,0.745036586523056
35,1.3780050884319257,0.5317345727848101,BN,iid,balanced,479,0.562311420249939,0.8371786379814147
36,1.3671668841869016,0.5334157436708861,BN,iid,balanced,479,0.5545177777290343,0.8282405252754688
37,1.3755729837508142,0.5324762658227847,BN,iid,balanced,479,0.5421363121032715,0.8534482298791408
38,1.377094954327692,0.5329608386075949,BN,iid,balanced,479,0.5642739736557008,0.8395491865277289
39,1.3717848586130743,0.5314774525316456,BN,iid,balanced,479,0.551672276210785,0.8464297519624233
40,1.3574876379363146,0.5364418512658228,BN,iid,balanced,479,0.5536523409843446,0.8479655340313912
41,1.3543979756439788,0.540654667721519,BN,iid,balanced,479,0.5362372015953063,0.8696614667773247
42,1.3601204289665705,0.5375692246835443,BN,iid,balanced,479,0.5371093729019165,0.8677069847285749
43,1.3693832004372075,0.5364121835443038,BN,iid,balanced,479,0.5558849655151368,0.8372870233654977
44,1.3747297159478635,0.5324861550632912,BN,iid,balanced,479,0.5341136825561523,0.8735316331684588
45,1.3758923440039912,0.5364912974683544,BN,iid,balanced,479,0.5459294160842896,0.85876893684268
46,1.370061843757388,0.5340684335443038,BN,iid,balanced,479,0.5148100749015807,0.8913187527656555
47,1.3782493784457823,0.5331388449367087,BN,iid,balanced,479,0.5241763193130493,0.8919153718650341
48,1.3902271168141425,0.5314972310126582,BN,iid,balanced,479,0.5245898422241211,0.8941936478018759
49,1.3687977719156048,0.5337816455696203,BN,iid,balanced,479,0.5267342378616332,0.8844192515313625
50,1.3710460072831263,0.5334948575949366,BN,iid,balanced,479,0.5396322707176208,0.8782056204974651
1,3.126271688787243,0.1000098892405063,BN,noniid,unbalanced,479,0.3042778731688856,1.304166784286499
2,2.6232420876056333,0.1441257911392405,BN,noniid,unbalanced,479,0.3507413078116045,1.0808498685558638
3,2.4687764698946024,0.1745747626582278,BN,noniid,unbalanced,479,0.2802073348970973,1.1600143844590467
4,2.3466221921051607,0.1898041930379747,BN,noniid,unbalanced,479,0.275324749827385,1.22634912322868
5,2.3889232161678846,0.1495253164556962,BN,noniid,unbalanced,479,0.1837219811148113,1.2689551502466203
6,2.377108326139329,0.1918413765822784,BN,noniid,unbalanced,479,0.3261597812856946,1.0431584131150018
7,2.156002509292168,0.2040941455696202,BN,noniid,unbalanced,479,0.2516324810006402,1.1231068023226478
8,2.3354731921908223,0.1760878164556962,BN,noniid,unbalanced,479,0.3406125760779661,1.0948233857750893
9,2.4132117624524274,0.1299248417721518,BN,noniid,unbalanced,479,0.35639732080698,1.0224683105014265
10,2.1662220742129072,0.1861352848101265,BN,noniid,unbalanced,479,0.3883736991467683,1.048751537307449
11,2.2583215822147418,0.188884493670886,BN,noniid,unbalanced,479,0.3896959878921509,1.1200159084200858
12,2.278115079523642,0.2586333069620253,BN,noniid,unbalanced,479,0.3780222856297212,1.036077234937864
13,2.282574119447153,0.1938785601265823,BN,noniid,unbalanced,479,0.4032339115984299,1.02264441865332
14,2.0845470878142347,0.2703125,BN,noniid,unbalanced,479,0.2450899040717631,1.2517588580027224
15,2.054554278186605,0.2214497626582278,BN,noniid,unbalanced,479,0.4225815486195294,0.9926778132500856
16,2.0738656866399547,0.2703520569620253,BN,noniid,unbalanced,479,0.3619578539620746,1.0272331808101047
17,1.99050885861433,0.2748022151898734,BN,noniid,unbalanced,479,0.4311239779429002,0.9979697115041992
18,2.1065977111647403,0.2981408227848101,BN,noniid,unbalanced,479,0.5073549704983831,0.9626477391272784
19,1.993041346495665,0.2910403481012658,BN,noniid,unbalanced,479,0.4976166401760918,0.9114976164840516
20,2.01890439821195,0.2768393987341772,BN,noniid,unbalanced,479,0.4255807001325818,1.016849710047245
21,2.0094926376886004,0.2458267405063291,BN,noniid,unbalanced,479,0.3313757375530574,1.060740486046542
22,2.0913156717638426,0.2533128955696203,BN,noniid,unbalanced,479,0.5690748010058153,0.8807681759721355
23,2.062067922912066,0.2625,BN,noniid,unbalanced,479,0.5124013264504346,0.8767250738360666
24,2.0267762679087964,0.2610660601265823,BN,noniid,unbalanced,479,0.4208216696197078,0.9784667040620534
25,1.970958414409734,0.2665842563291139,BN,noniid,unbalanced,479,0.3678433752059936,1.049298873272809
26,1.928412316720697,0.2972606803797468,BN,noniid,unbalanced,479,0.4323281114383747,0.999467214785124
27,1.9540036726601515,0.3081289556962024,BN,noniid,unbalanced,479,0.4518838878892935,1.0086692461600673
28,1.925682893433148,0.3001977848101265,BN,noniid,unbalanced,479,0.3836812932650248,1.0385028082132337
29,1.939299989802928,0.2660502373417721,BN,noniid,unbalanced,479,0.4721331771261552,0.942823801321142
30,2.000214770775807,0.2297666139240506,BN,noniid,unbalanced,479,0.3935537421594966,0.9372333617372948
31,1.9892875464656683,0.2453026107594936,BN,noniid,unbalanced,479,0.4176950269797269,0.9898825724335276
32,2.0314525121374976,0.2328026107594936,BN,noniid,unbalanced,479,0.4115692156627775,0.946273246780038
33,2.038161360613908,0.2781645569620253,BN,noniid,unbalanced,479,0.3499647583034303,1.0668215104275278
34,1.9448253753819045,0.2912183544303797,BN,noniid,unbalanced,479,0.4241004244265231,1.0530725682323632
35,1.8957110622261144,0.2744066455696202,BN,noniid,unbalanced,479,0.3586723906993865,1.0720447063446044
36,1.9302308022221435,0.3084849683544304,BN,noniid,unbalanced,479,0.4304015774068078,1.0239425301551817
37,1.974235692356206,0.2670589398734177,BN,noniid,unbalanced,479,0.4900981694408085,1.0559528438941297
38,1.930803714070139,0.3013350474683544,BN,noniid,unbalanced,479,0.3300736400038003,1.118058393523097
39,1.9063819317878048,0.3111352848101265,BN,noniid,unbalanced,479,0.466780091047287,1.024714289009571
40,1.899088625968257,0.2949960443037975,BN,noniid,unbalanced,479,0.3363228026164903,1.1215324666765
41,1.9547364939617204,0.3194026898734177,BN,noniid,unbalanced,479,0.3318479647662328,1.1460493883360987
42,1.9438586266734927,0.2715090981012658,BN,noniid,unbalanced,479,0.4162919912576675,1.016800172030926
43,1.9177329870718944,0.2757713607594936,BN,noniid,unbalanced,479,0.4837730510018088,1.061212174052542
44,1.893936538998085,0.2774920886075949,BN,noniid,unbalanced,479,0.3409843449234963,1.039524143785238
45,1.939304537109182,0.2703916139240506,BN,noniid,unbalanced,479,0.455208932185173,0.9928489270806312
46,1.884685066530976,0.2747923259493671,BN,noniid,unbalanced,479,0.334798974570106,1.0768785222488289
47,1.9843779106683368,0.2741396360759494,BN,noniid,unbalanced,479,0.3884054307937621,1.1504168707132345
48,1.991330091711841,0.2644382911392405,BN,noniid,unbalanced,479,0.4066595946521986,1.0705987625178837
49,2.003012856803363,0.247567246835443,BN,noniid,unbalanced,479,0.3793510002368375,1.0519643116938442
50,1.96075814132449,0.2629153481012658,BN,noniid,unbalanced,479,0.4011129181027413,1.051602461785078
1,2.597741275195834,0.1003065664556961,BN,noniid,balanced,479,0.3677377414748072,1.3149840125441552
2,2.950777207145208,0.1036590189873417,BN,noniid,balanced,479,0.2452094543740153,1.2084432853758336
3,2.34455986596361,0.171756329113924,BN,noniid,balanced,479,0.2606559794619679,1.1996527619659898
4,2.265191502208951,0.1363528481012658,BN,noniid,balanced,479,0.2804445044398307,1.2007681284099818
5,2.398750197887421,0.1184236550632911,BN,noniid,balanced,479,0.2461738940954208,1.1469269020855426
6,2.297304436526721,0.2144086234177215,BN,noniid,balanced,479,0.1517369332551955,1.2608905029296875
7,2.567787669127501,0.2087223101265823,BN,noniid,balanced,479,0.3495184516146779,1.056671172082424
8,2.381595459165452,0.182842167721519,BN,noniid,balanced,479,0.2992456882804631,1.1296029408276085
9,2.478212221664718,0.1384394778481012,BN,noniid,balanced,479,0.4208425367519259,1.0410225036740304
10,2.180886918985391,0.1688983386075949,BN,noniid,balanced,479,0.3592652183532714,1.035796543359757
11,2.192214058924325,0.1697191455696202,BN,noniid,balanced,479,0.3237641418233513,1.0708525925874708
12,2.124687900120699,0.2350178006329114,BN,noniid,balanced,479,0.3612439363405108,1.003926646783948
13,2.3615137703811064,0.1496340981012658,BN,noniid,balanced,479,0.4398881993681193,0.937396691739559
14,2.218512524834162,0.2641119462025317,BN,noniid,balanced,479,0.3564116360768675,1.0291248932480812
15,2.1913481985466388,0.2125791139240506,BN,noniid,balanced,479,0.3123760769218206,1.1354651796817783
16,2.1315000196046467,0.241287579113924,BN,noniid,balanced,479,0.5154074607506395,0.9509530611336232
17,2.277462259274494,0.1977452531645569,BN,noniid,balanced,479,0.4970703100070358,0.9036055932939056
18,2.2014740809609616,0.2055577531645569,BN,noniid,balanced,479,0.4130751603007316,1.0212915560603144
19,2.258296959913229,0.2081784018987341,BN,noniid,balanced,479,0.4396262106716633,0.967713821977377
20,2.239365510699116,0.2066653481012658,BN,noniid,balanced,479,0.569568288564682,0.8830587440729142
21,2.0665388161623026,0.2707278481012658,BN,noniid,balanced,479,0.4214608012318611,1.0164367035031316
22,2.1702680851839764,0.2605023734177216,BN,noniid,balanced,479,0.5071484346628189,0.9324012041091916
23,2.2755097897746897,0.265565664556962,BN,noniid,balanced,479,0.5494329177975654,0.8919034698605538
24,2.173522663116456,0.2528777689873417,BN,noniid,balanced,479,0.4687021811187268,1.0142312981188295
25,2.7845244502719444,0.2238231803797468,BN,noniid,balanced,479,0.4412277734279632,1.0218354623019696
26,2.167459107803393,0.2504153481012658,BN,noniid,balanced,479,0.4036779348999261,0.9966163113713268
27,2.0470760929433607,0.3087717563291139,BN,noniid,balanced,479,0.4745750253558158,0.9761347146332262
28,2.2316495104681087,0.236629746835443,BN,noniid,balanced,479,0.5442227885723113,0.9228867456316948
29,2.335511889940576,0.1871143196202531,BN,noniid,balanced,479,0.4571807639151812,0.9383238241076468
30,2.5455936662758454,0.21875,BN,noniid,balanced,479,0.4267140337139368,0.9904352955520151
31,2.059509674205056,0.2822883702531645,BN,noniid,balanced,479,0.523849000531435,0.9067081806063652
32,2.1395127548447137,0.2271756329113924,BN,noniid,balanced,479,0.3768157310247421,1.0247960540652277
33,2.0998071466820147,0.253965585443038,BN,noniid,balanced,479,0.4816480317115784,0.9329694798588752
34,2.082283883758738,0.2887856012658228,BN,noniid,balanced,479,0.6086981379508973,0.8628998525440693
35,1.9978048943266085,0.2341772151898734,BN,noniid,balanced,479,0.4673976284980773,0.921315928697586
36,2.0895791753937925,0.2324960443037974,BN,noniid,balanced,479,0.3120373106196522,1.1867434909939767
37,2.057264497008505,0.2387658227848101,BN,noniid,balanced,479,0.3826535534739494,1.066588873118162
38,2.074725922904437,0.260185917721519,BN,noniid,balanced,479,0.4093480582356452,1.0416118715703486
39,2.049568011790891,0.3004944620253164,BN,noniid,balanced,479,0.3886126056283713,1.046934822797775
40,2.117519755604901,0.2812104430379747,BN,noniid,balanced,479,0.4273935868829488,1.0614019529521466
41,2.1529535444476937,0.2536392405063291,BN,noniid,balanced,479,0.502665677523613,1.0093619351089
42,2.089239904850344,0.2921182753164557,BN,noniid,balanced,479,0.4552734363913536,0.973850118070841
43,2.085085996947711,0.2401898734177215,BN,noniid,balanced,479,0.3910560331180692,0.991296449750662
44,2.1114815020863014,0.2468651107594936,BN,noniid,balanced,479,0.4227512118697166,1.1381169575452803
45,2.238165608086164,0.2558148734177216,BN,noniid,balanced,479,0.3670171046242118,1.1135554634034637
46,2.2015605532670324,0.290595332278481,BN,noniid,balanced,479,0.332463630247116,1.1419671155512332
47,2.219998284533054,0.2356210443037975,BN,noniid,balanced,479,0.2770070034146308,1.1249091471731665
48,2.186985139303569,0.2852848101265823,BN,noniid,balanced,479,0.303749325621128,1.1118160052597523
49,2.186838338194014,0.2962618670886076,BN,noniid,balanced,479,0.3827700692266225,1.125225661844015
50,2.1369308228734174,0.2953916139240506,BN,noniid,balanced,479,0.3406344274997711,1.2114220951497554
1,2.234687435476086,0.1722507911392405,GN,iid,balanced,479,0.1424191807389258,1.789235430061817
2,2.0518236658241173,0.2520866297468354,GN,iid,balanced,479,0.2158007806062697,1.107235477566719
3,1.9353103148786328,0.3093552215189873,GN,iid,balanced,479,0.2818729784488678,1.048597034364939
4,1.870386484604848,0.3486451740506329,GN,iid,balanced,479,0.3256963896751403,1.0154256933927537
5,1.8011069311371333,0.3870055379746835,GN,iid,balanced,479,0.378448274898529,0.9775500997900964
6,1.7697451267061357,0.4020866297468354,GN,iid,balanced,479,0.4134630917072295,0.9479835106432436
7,1.7286072483545618,0.4107298259493671,GN,iid,balanced,479,0.4485870131492614,0.9229117445647717
8,1.7067722418640234,0.4188884493670886,GN,iid,balanced,479,0.4769349393844605,0.9028878654539586
9,1.677888271627547,0.4335739715189873,GN,iid,balanced,479,0.5095676170349122,0.8770337043702602
10,1.728058936022505,0.3980814873417722,GN,iid,balanced,479,0.5401212262153625,0.8620083473622799
11,1.686863669866248,0.4151503164556962,GN,iid,balanced,479,0.5537499985694885,0.8504433494806289
12,1.6646619583986983,0.4349386867088607,GN,iid,balanced,479,0.5840793355941771,0.8344787213206291
13,1.5883668265765227,0.4649129746835443,GN,iid,balanced,479,0.5742147068977356,0.8134905807673931
14,1.5601365333870996,0.4796479430379747,GN,iid,balanced,479,0.6092975464820862,0.786081962287426
15,1.5510307479508316,0.4839596518987341,GN,iid,balanced,479,0.6091904612541199,0.7838719901442527
16,1.5208296893518185,0.489240506329114,GN,iid,balanced,479,0.6285412152290345,0.7790433152019978
17,1.5424636060678507,0.4771459651898734,GN,iid,balanced,479,0.6364756175041199,0.7591150216758251
18,1.5159643819060509,0.4839794303797469,GN,iid,balanced,479,0.6377976803779604,0.7649259452521802
19,1.5200128513046458,0.4761965981012658,GN,iid,balanced,479,0.646557783508301,0.7549187396466732
20,1.509884623032582,0.4868868670886075,GN,iid,balanced,479,0.658760773563385,0.7408496488630772
21,1.492020557349241,0.4925336234177215,GN,iid,balanced,479,0.6701885754585266,0.7378553164005279
22,1.4966598337209678,0.4856309335443038,GN,iid,balanced,479,0.6740853960990906,0.727035177052021
23,1.464517188524898,0.4992879746835443,GN,iid,balanced,479,0.6948592375755309,0.7181039379537106
24,1.46079191678687,0.5037084651898734,GN,iid,balanced,479,0.5634240278244018,0.799240819811821
25,1.457894314542601,0.5024327531645569,GN,iid,balanced,479,0.5620090224266052,0.8043052498996257
26,1.4507171629350395,0.5092167721518988,GN,iid,balanced,479,0.5600673473358155,0.7943253622949122
27,1.4424318026892746,0.514121835443038,GN,iid,balanced,479,0.5701353698730468,0.7874145250022413
28,1.4389974598643145,0.5135680379746835,GN,iid,balanced,479,0.5599528533935547,0.78736003652215
29,1.435510337201855,0.5151008702531645,GN,iid,balanced,479,0.5649185054779052,0.7906853370368481
30,1.432798617097396,0.5138844936708861,GN,iid,balanced,479,0.5601165117263794,0.7907619847357273
31,1.417433258098892,0.5201048259493671,GN,iid,balanced,479,0.560040407371521,0.7778128238022328
32,1.4353125321714184,0.5128560126582279,GN,iid,balanced,479,0.5634577033042908,0.780114928483963
33,1.424547563851634,0.5150712025316456,GN,iid,balanced,479,0.5599568941116333,0.7931271547079086
34,1.4129184991498536,0.5183939873417721,GN,iid,balanced,479,0.5690200678825378,0.7858195789158344
35,1.4183658581745775,0.5180874208860761,GN,iid,balanced,479,0.5466709302902221,0.8044734908640386
36,1.4118581762796716,0.5212025316455695,GN,iid,balanced,479,0.5529727888107299,0.7999443502724172
37,1.4137094230591496,0.5184137658227848,GN,iid,balanced,479,0.5431310588836671,0.8095568320155143
38,1.4153889693036863,0.5184928797468354,GN,iid,balanced,479,0.5527653526306152,0.8030309508740903
39,1.413319708727583,0.5177215189873418,GN,iid,balanced,479,0.5637372016906739,0.8035146412253379
40,1.4081213392788852,0.5212025316455695,GN,iid,balanced,479,0.5530219542503356,0.8166772982478141
41,1.4104887419109102,0.5205399525316455,GN,iid,balanced,479,0.5341682365417479,0.8249632680416108
42,1.4098630019381075,0.5164853639240506,GN,iid,balanced,479,0.5390032311439514,0.8247169242799284
43,1.4060208313827274,0.5173358386075949,GN,iid,balanced,479,0.5502990285873413,0.8198527368903161
44,1.403557993188689,0.5176819620253165,GN,iid,balanced,479,0.5316177249908447,0.822030875235796
45,1.3976821964300132,0.5197389240506329,GN,iid,balanced,479,0.5343992441177369,0.8248009115457535
46,1.4115601714653303,0.5155162183544304,GN,iid,balanced,479,0.5307347779273988,0.843729705363512
47,1.3986096675637405,0.5181071993670886,GN,iid,balanced,479,0.5372952568054199,0.8220201094448566
48,1.404649865325493,0.5156052215189874,GN,iid,balanced,479,0.5361725457191467,0.8418315102159977
49,1.3970779782609095,0.5168611550632912,GN,iid,balanced,479,0.5370447172164917,0.8338615949451924
50,1.397135293634632,0.5165644778481012,GN,iid,balanced,479,0.5483075139999389,0.8313768954575063
1,2.6007780923119075,0.1,GN,noniid,unbalanced,479,0.3367523552894592,2.277383677363395
2,2.793142123765583,0.0996538765822784,GN,noniid,unbalanced,479,0.2447603445698817,1.2054069717725118
3,2.586081836797014,0.1000692246835443,GN,noniid,unbalanced,479,0.2065758682699764,1.2270033448934554
4,2.542811114576798,0.1,GN,noniid,unbalanced,479,0.2101045200174504,1.2833011227575215
5,2.652656313135654,0.1042029272151898,GN,noniid,unbalanced,479,0.1142060902648501,1.321685759557618
6,2.680268526680862,0.1069026898734177,GN,noniid,unbalanced,479,0.2661158572605678,1.199466622585342
7,2.509262381324285,0.0996340981012658,GN,noniid,unbalanced,479,0.1780606389479203,1.2992652333595536
8,2.74862309498123,0.1000692246835443,GN,noniid,unbalanced,479,0.2132449873983859,1.2851914470686632
9,2.732784668403336,0.1002867879746835,GN,noniid,unbalanced,479,0.3640411819517612,1.115214804932475
10,2.5114040712767007,0.0994462025316455,GN,noniid,unbalanced,479,0.2236368816443111,1.288148760277292
11,2.437114694148679,0.1158623417721518,GN,noniid,unbalanced,479,0.1913193463504314,1.3734322288036345
12,2.5553676034830795,0.1427808544303797,GN,noniid,unbalanced,479,0.2430016480614156,1.2437768674948635
13,2.589192009877555,0.1451740506329114,GN,noniid,unbalanced,479,0.2560653177043971,1.357238830713665
14,2.38241725631907,0.1097310126582278,GN,noniid,unbalanced,479,0.1350649637226015,1.4610456520691515
15,2.3758738387989093,0.1524525316455696,GN,noniid,unbalanced,479,0.310588240996651,1.2580624108729157
16,2.305440895165069,0.1684038765822784,GN,noniid,unbalanced,479,0.2502924523787064,1.19585430838845
17,2.385443435137785,0.1418809335443038,GN,noniid,unbalanced,479,0.1975908649509603,1.2102897113019773
18,2.646352608596222,0.1330795094936708,GN,noniid,unbalanced,479,0.3399358373641967,1.064871944487095
19,2.384834902195991,0.1506526898734177,GN,noniid,unbalanced,479,0.2436761297455855,1.102504859509922
20,2.289913347401197,0.2048160601265823,GN,noniid,unbalanced,479,0.2481295172505908,1.150449185238944
21,2.105579791491545,0.2174742879746836,GN,noniid,unbalanced,479,0.1842607319225435,1.178888495331225
22,2.315642453447173,0.1682357594936709,GN,noniid,unbalanced,479,0.2898503617048263,1.105056445692715
23,2.375774068168447,0.1880142405063291,GN,noniid,unbalanced,479,0.3332186300104314,1.089216150207953
24,2.175515639631054,0.2054390822784809,GN,noniid,unbalanced,479,0.3236666039966401,1.1948149560462862
25,2.1350937487203865,0.1987341772151898,GN,noniid,unbalanced,479,0.2721636633331125,1.1609509046782147
26,2.126343630537202,0.2166435917721519,GN,noniid,unbalanced,479,0.3145480367384459,1.1017544795023768
27,2.083415412902832,0.2488330696202532,GN,noniid,unbalanced,479,0.2889559485109952,1.1443760678172112
28,2.082681673387938,0.2192741297468354,GN,noniid,unbalanced,479,0.2884225598673026,1.1294250951210658
29,2.160574407517156,0.1940170094936709,GN,noniid,unbalanced,479,0.3222100182000328,1.0749744958737315
30,2.1972447937047934,0.1893196202531645,GN,noniid,unbalanced,479,0.3011769580515948,1.1047618494792415
31,2.1811054450047167,0.1912974683544304,GN,noniid,unbalanced,479,0.3314482901692391,1.1030788200743058
32,2.165864553179922,0.2321103639240506,GN,noniid,unbalanced,479,0.3047437529116868,1.0563665229827166
33,2.161416893971117,0.2303698575949367,GN,noniid,unbalanced,479,0.287588473573327,1.136615432633294
34,2.1228949401952044,0.2252670094936709,GN,noniid,unbalanced,479,0.2459239221120422,1.1332814102823083
35,2.057514196860639,0.209226661392405,GN,noniid,unbalanced,479,0.2831907322493692,1.1884359714885553
36,2.061770976193344,0.2342464398734177,GN,noniid,unbalanced,479,0.2841758383010563,1.1222777387029246
37,2.031737486622001,0.2371538765822784,GN,noniid,unbalanced,479,0.3605843994513801,1.2051514155190923
38,2.01676729796808,0.2495055379746835,GN,noniid,unbalanced,479,0.2448098912090062,1.2387879798188806
39,2.039361015905308,0.2369659810126582,GN,noniid,unbalanced,479,0.3664544250130653,1.1932647436857222
40,2.057904750485964,0.2185719936708861,GN,noniid,unbalanced,479,0.3035393587748209,1.163794432580471
41,2.051447494271436,0.2227353639240506,GN,noniid,unbalanced,479,0.1813238683187443,1.2356305549974025
42,2.0131220628943622,0.2449169303797468,GN,noniid,unbalanced,479,0.3151344651222229,1.1329631814360617
43,2.030205787737158,0.2313884493670886,GN,noniid,unbalanced,479,0.3971585328362205,1.109486698968844
44,2.0245793341081355,0.2496736550632911,GN,noniid,unbalanced,479,0.2586247554704546,1.1581861175596715
45,2.098089748998232,0.2339794303797468,GN,noniid,unbalanced,479,0.3226151069998741,1.11555895447731
46,2.0412034218824364,0.2416732594936709,GN,noniid,unbalanced,479,0.2440439617037773,1.2183133672265447
47,2.04721124987059,0.2425039556962024,GN,noniid,unbalanced,479,0.2325966629236936,1.2940954712033277
48,2.024367067180102,0.2503362341772152,GN,noniid,unbalanced,479,0.3104663288479759,1.2038144052028656
49,2.0255157236811483,0.2415051424050633,GN,noniid,unbalanced,479,0.3002058202341983,1.190765994159799
50,2.017746192292322,0.2519778481012658,GN,noniid,unbalanced,479,0.2734235653638839,1.195117043852806
1,2.671235035642793,0.1,GN,noniid,balanced,479,0.4263005105018616,2.0466788972169163
2,2.6666670569890663,0.0982001582278481,GN,noniid,balanced,479,0.237246091619134,1.176540353000164
3,2.4854778654967684,0.1107001582278481,GN,noniid,balanced,479,0.1842072989940643,1.2536808016896248
4,2.4731713352324087,0.1011372626582278,GN,noniid,balanced,479,0.2525141433984041,1.3128743728995322
5,2.5579147568231897,0.1255340189873418,GN,noniid,balanced,479,0.1888220629900693,1.2547735753655431
6,2.3095259578922125,0.1074367088607595,GN,noniid,balanced,479,0.0509758885264396,1.3368144556879995
7,2.521829319603836,0.099011075949367,GN,noniid,balanced,479,0.1667800362706183,1.2693660278618333
8,2.3733028161374827,0.1185818829113923,GN,noniid,balanced,479,0.0589156786248087,1.3160930028557778
9,2.6288478938839104,0.0998615506329114,GN,noniid,balanced,479,0.1920440459206699,1.291795754432678
10,2.4158237955238246,0.1077333860759493,GN,noniid,balanced,479,0.1331344284474849,1.3106232067942618
11,2.3525187640250484,0.1000692246835443,GN,noniid,balanced,479,0.1156835931897162,1.299356517791748
12,2.383520709713803,0.104598496835443,GN,noniid,balanced,479,0.1157522897556423,1.2537617489695547
13,2.577162874197658,0.1001384493670886,GN,noniid,balanced,479,0.2710849937632679,1.2025380732119084
14,2.4901395710208747,0.1087124208860759,GN,noniid,balanced,479,0.1630158937081694,1.262197445780039
15,2.4128887236872805,0.1012262658227848,GN,noniid,balanced,479,0.1611772624552249,1.3071489484608174
16,2.335675310484971,0.1524327531645569,GN,noniid,balanced,479,0.2028751342639327,1.2396156254410744
17,2.4182795446130294,0.130409414556962,GN,noniid,balanced,479,0.1959092123419046,1.1478352437913415
18,2.374463041221039,0.1008900316455696,GN,noniid,balanced,479,0.2015975210234522,1.179344048500061
19,2.3181302209443686,0.1249802215189873,GN,noniid,balanced,479,0.1904950155854224,1.1451032838225363
20,2.460040348692785,0.1357100474683544,GN,noniid,balanced,479,0.2864439651936293,1.0783200570940972
21,2.1849866667880287,0.1838014240506328,GN,noniid,balanced,479,0.1920238410890102,1.2270710577070711
22,2.177694019184837,0.1795886075949367,GN,noniid,balanced,479,0.1707381459742784,1.1532801687717438
23,2.1738449784773817,0.1833366297468354,GN,noniid,balanced,479,0.2458485986426472,1.0943100549280644
24,2.1616757617721074,0.1688093354430379,GN,noniid,balanced,479,0.2043251607581972,1.2058247597515583
25,2.217299372033228,0.1610660601265822,GN,noniid,balanced,479,0.2103926451042294,1.1560934618115426
26,2.1409834614282923,0.1798556170886076,GN,noniid,balanced,479,0.1531808988124131,1.16982494994998
27,2.0825155904021444,0.2025316455696202,GN,noniid,balanced,479,0.2098626071229577,1.1461605271697044
28,2.141204530830625,0.1857792721518987,GN,noniid,balanced,479,0.2618366107106208,1.1185824047029018
29,2.270676951921439,0.1486056170886076,GN,noniid,balanced,479,0.2789183715566993,1.0926209220290182
30,2.1710500080374224,0.1647053006329114,GN,noniid,balanced,479,0.2085324625879526,1.228766982853413
31,2.1076046510587765,0.1947092563291139,GN,noniid,balanced,479,0.2177054141759872,1.1283454598486424
32,2.1097062175786947,0.175751582278481,GN,noniid,balanced,479,0.2410183184325694,1.1736989717185495
33,2.1120191887964177,0.197507911392405,GN,noniid,balanced,479,0.2198147895812988,1.1706678618490698
34,2.129604498947723,0.2159315664556962,GN,noniid,balanced,479,0.2539661900028586,1.1313247527182102
35,2.129953376250931,0.2142108386075949,GN,noniid,balanced,479,0.2523457696199417,1.245540554523468
36,2.0904552592506893,0.2238034018987341,GN,noniid,balanced,479,0.1562042023569345,1.392383863627911
37,2.0735676848435705,0.2083366297468354,GN,noniid,balanced,479,0.1994780439645052,1.348846615254879
38,2.077107017704204,0.1984770569620253,GN,noniid,balanced,479,0.251291081996262,1.3058654896914956
39,2.089337885077996,0.212559335443038,GN,noniid,balanced,479,0.1706128766566514,1.2562580725550654
40,2.067186172099053,0.2188192246835443,GN,noniid,balanced,479,0.1773525050386786,1.2352713271975515
41,2.116166287283354,0.2023833069620253,GN,noniid,balanced,479,0.2796632533609867,1.2145757783949376
42,2.108139748362046,0.203876582278481,GN,noniid,balanced,479,0.2617571381077169,1.1984337793290616
43,2.153636254238177,0.1933643196202532,GN,noniid,balanced,479,0.1994881458148359,1.2937868508696555
44,2.073613832117636,0.2112836234177215,GN,noniid,balanced,479,0.2659455809831619,1.489629676043987
45,2.0666647621347933,0.2128164556962025,GN,noniid,balanced,479,0.1997992986008524,1.4034070518612862
46,2.0678266223472885,0.2152986550632911,GN,noniid,balanced,479,0.178091324660182,1.354530228078365
47,2.0693584025660647,0.2110166139240506,GN,noniid,balanced,479,0.2179775048226118,1.191651868522167
48,2.07108427014532,0.2134295886075949,GN,noniid,balanced,479,0.1700269390195607,1.35672753572464
49,2.0664981330497354,0.215654667721519,GN,noniid,balanced,479,0.1111287714257836,1.3439554023742677
50,2.067819991745526,0.2189280063291139,GN,noniid,balanced,479,0.1306202853649854,1.4430462643504145
1,2.2807339393639867,0.13711431962025317,BN,iid,balanced,0,0.13013133050203324,1.779151757955551
2,2.2630129946938045,0.15188884493670884,BN,iid,balanced,0,0.14926454687118532,1.1916383582353594
3,2.095612114592444,0.24366099683544307,BN,iid,balanced,0,0.1829700965642929,1.177264596521855
4,2.007327393187752,0.2673852848101265,BN,iid,balanced,0,0.25774649710655206,1.0652043403685094
5,2.025771404519866,0.2833564082278481,BN,iid,balanced,0,0.30292025742530826,1.0281432232260703
6,1.8774779790564429,0.3346617879746835,BN,iid,balanced,0,0.33205616798400883,0.9931153021752834
7,1.8258216255827795,0.37172666139240496,BN,iid,balanced,0,0.3796672937870026,0.9666699996590614
8,1.842139060135129,0.3473793512658228,BN,iid,balanced,0,0.398137121629715,0.949181694239378
9,1.7019935775406754,0.4106111550632912,BN,iid,balanced,0,0.42097790842056265,0.9296701455116272
10,1.6843328497077843,0.41501186708860766,BN,iid,balanced,0,0.4522272339820862,0.9101424910128116
11,1.6883660838573793,0.4150019778481012,BN,iid,balanced,0,0.46874326295852653,0.8950437693297865
12,1.6231092329266703,0.43622428797468366,BN,iid,balanced,0,0.5052815175056458,0.8712725408375264
13,1.5884694105462185,0.45697191455696196,BN,iid,balanced,0,0.5241008865356446,0.8425321759283542
14,1.551384839226928,0.4743670886075949,BN,iid,balanced,0,0.5269908382415772,0.8251834744215012
15,1.5439227934125104,0.47908425632911406,BN,iid,balanced,0,0.5336819756507873,0.827506977468729
16,1.5459044823163672,0.47472310126582284,BN,iid,balanced,0,0.5572130899429322,0.8115413284301759
17,1.5396651951572564,0.47550435126582286,BN,iid,balanced,0,0.5614257790565491,0.8052156883478163
18,1.5254748511917984,0.4793710443037975,BN,iid,balanced,0,0.5805226268768311,0.7896562138199806
19,1.5201410027998912,0.47837223101265824,BN,iid,balanced,0,0.5803542547225952,0.7941866908967495
20,1.5231677987907506,0.4802808544303797,BN,iid,balanced,0,0.6070292276382446,0.7732044395804406
21,1.5298811239532275,0.475059335443038,BN,iid,balanced,0,0.6087378754615783,0.7702429251372815
22,1.5021828788745253,0.4845628955696203,BN,iid,balanced,0,0.6253367436408996,0.7607977879047395
23,1.5169439014000228,0.48005340189873413,BN,iid,balanced,0,0.6237365274429321,0.7602984684705734
24,1.4772608079487763,0.5011768196202533,BN,iid,balanced,0,0.5434772334098816,0.8329465967416763
25,1.5021769494950017,0.4856210443037975,BN,iid,balanced,0,0.5567557901382445,0.8091600610315799
26,1.4716803935509697,0.4966376582278481,BN,iid,balanced,0,0.5423262369155883,0.8071786093711854
27,1.473701637304282,0.4958366297468354,BN,iid,balanced,0,0.5442039305686951,0.8000332032144071
28,1.4814571178412137,0.48967563291139243,BN,iid,balanced,0,0.5427357200622559,0.8219792740046978
29,1.4589794376228429,0.5003955696202532,BN,iid,balanced,0,0.5382199599266053,0.8172659945487976
30,1.4548229987108254,0.5004252373417721,BN,iid,balanced,0,0.5452215766906738,0.7997784334421157
31,1.4624365225622926,0.4970035601265823,BN,iid,balanced,0,0.5287782844543458,0.805372163951397
32,1.4456894516944885,0.5038271360759493,BN,iid,balanced,0,0.5473255639076233,0.8165105806291104
33,1.446962728379648,0.49983188291139247,BN,iid,balanced,0,0.5531310591697693,0.7968227265775203
34,1.4669706343095514,0.49401700949367094,BN,iid,balanced,0,0.5493446904182435,0.797990407794714
35,1.4580298589754708,0.4985462816455696,BN,iid,balanced,0,0.5243164036750794,0.8194918297231197
36,1.4434591207323195,0.5022844145569619,BN,iid,balanced,0,0.528125670528412,0.8086582568287849
37,1.4440231824223,0.5009098101265823,BN,iid,balanced,0,0.5309671308517456,0.8275113469362259
38,1.4362023548234868,0.5033920094936709,BN,iid,balanced,0,0.522873111820221,0.8272534395754338
39,1.4453401358821725,0.5004450158227848,BN,iid,balanced,0,0.5348067053794862,0.8308837328851224
40,1.4430869571770293,0.49885284810126584,BN,iid,balanced,0,0.5307320830345154,0.8323429588973523
41,1.4442840366423884,0.4984375,BN,iid,balanced,0,0.5168608543395996,0.8688455992937089
42,1.4673928383030468,0.4925237341772152,BN,iid,balanced,0,0.5139156769752503,0.8327610316872598
43,1.442715304863604,0.49773536392405066,BN,iid,balanced,0,0.530474135017395,0.8402271892130375
44,1.4446587865865683,0.49434335443037974,BN,iid,balanced,0,0.5312392224311828,0.8493684001266957
45,1.4601169661630558,0.4901008702531646,BN,iid,balanced,0,0.5233809246063232,0.8409486834704876
46,1.4690777654889264,0.4882021360759493,BN,iid,balanced,0,0.5128556016921998,0.8613615512847901
47,1.4457695180856729,0.4950751582278481,BN,iid,balanced,0,0.5180953649520875,0.8546781952679157
48,1.4559129335457766,0.4920490506329114,BN,iid,balanced,0,0.5206303854942321,0.8654079422354698
49,1.4648642622971837,0.48844936708860764,BN,iid,balanced,0,0.5109159473419189,0.878069478571415
50,1.4615621032594126,0.4887163765822785,BN,iid,balanced,0,0.5115173731803895,0.8700234478712081
1,2.686441766159444,0.1003461234177215,BN,noniid,balanced,0,0.3852640064239502,1.7329474131762983
2,2.4700602093829382,0.0999307753164557,BN,noniid,balanced,0,0.272943155002594,1.2095511378347874
3,2.4506485757948475,0.1048556170886076,BN,noniid,balanced,0,0.16275323220491408,1.3293467642366883
4,2.460784766945658,0.10813884493670885,BN,noniid,balanced,0,0.1946544986963272,1.3208678248524666
5,2.612703866596464,0.1301522943037975,BN,noniid,balanced,0,0.18251010127812622,1.286848966628313
6,2.382613169090657,0.1,BN,noniid,balanced,0,0.15529498843848705,1.4814018271863458
7,2.499423344225823,0.10020767405063291,BN,noniid,balanced,0,0.17520406722724438,1.343401443362236
8,2.384510057787352,0.12701740506329115,BN,noniid,balanced,0,0.13745891636908056,1.3999703037738798
9,2.50022234433814,0.10977056962025315,BN,noniid,balanced,0,0.20441742878705266,1.3670511917769907
10,2.3893095363544514,0.10055379746835444,BN,noniid,balanced,0,0.1475087555527687,1.4216608178615568
11,2.5175355014921745,0.14057555379746836,BN,noniid,balanced,0,0.22893655604422092,1.267079534381628
12,2.382051253016991,0.11678204113924048,BN,noniid,balanced,0,0.2963449612051249,1.348958697766066
13,2.4174364192576347,0.0999307753164557,BN,noniid,balanced,0,0.20385236988365646,1.365816344320774
14,2.5215683505504947,0.12509889240506328,BN,noniid,balanced,0,0.19238954653441903,1.3034649272263048
15,2.4609255389322207,0.12269580696202531,BN,noniid,balanced,0,0.2347528275117278,1.2995828929543494
16,2.4156357434731497,0.1563785601265823,BN,noniid,balanced,0,0.3220696381017566,1.2407108879089357
17,2.264277869538416,0.16329113924050637,BN,noniid,balanced,0,0.26979795124381784,1.1653136311471464
18,2.59413886734202,0.17107397151898732,BN,noniid,balanced,0,0.45219894675314426,1.0633100679516791
19,2.216402945941008,0.1990407436708861,BN,noniid,balanced,0,0.22258620582818983,1.2378061908483506
20,2.1155100443695165,0.1880933544303797,BN,noniid,balanced,0,0.29613348444253207,1.1793603800237178
21,2.166091660004628,0.1869264240506329,BN,noniid,balanced,0,0.32474474486708643,1.0662394343316557
22,2.1722426257556,0.16805775316455698,BN,noniid,balanced,0,0.24607825905084613,1.147104112207889
23,2.122556211978574,0.2056269778481013,BN,noniid,balanced,0,0.26265086067914967,1.157935493439436
24,2.1268429214441325,0.18793512658227848,BN,noniid,balanced,0,0.34087486367821695,1.0844950933754445
25,2.0970765088177936,0.2050830696202532,BN,noniid,balanced,0,0.229909751278162,1.1645767830312257
26,2.04142402772662,0.24060522151898728,BN,noniid,balanced,0,0.2773915664434433,1.15902943238616
27,2.130385581752922,0.18670886075949364,BN,noniid,balanced,0,0.3912654887259007,0.9786590864509344
28,2.111937659450724,0.2055973101265823,BN,noniid,balanced,0,0.2878199072659016,1.0776000232994556
29,2.275277085093004,0.17078718354430378,BN,noniid,balanced,0,0.38233701367974293,1.0988598623871806
30,2.174993599366538,0.2109375,BN,noniid,balanced,0,0.3687776117622852,1.111968542635441
31,2.15810454389717,0.1991495253164557,BN,noniid,balanced,0,0.32807718086540705,1.0868949776887893
32,2.2026359115974814,0.1794106012658228,BN,noniid,balanced,0,0.4058661080241204,1.0390915787220003
33,2.0764906364151194,0.2314576740506329,BN,noniid,balanced,0,0.3389614748954773,1.0784550569951536
34,2.170887929276575,0.2249505537974684,BN,noniid,balanced,0,0.3115773159593344,1.0662411253154278
35,2.188063647173628,0.22128164556962027,BN,noniid,balanced,0,0.3115059255123138,1.1369138686358928
36,2.0589872259127944,0.23178401898734177,BN,noniid,balanced,0,0.4170864752054214,1.1415502262115478
37,1.955082736136038,0.282001582278481,BN,noniid,balanced,0,0.23429552719146013,1.1567338979244233
38,1.99385962425908,0.2609473892405064,BN,noniid,balanced,0,0.27530104951113465,1.16158180847764
39,1.9785341308086728,0.26699960443037973,BN,noniid,balanced,0,0.34158068327307706,1.1120785091817378
40,2.096332039863249,0.19523338607594937,BN,noniid,balanced,0,0.3714399234220385,1.1604265829920768
41,2.0045112624953063,0.23401898734177218,BN,noniid,balanced,0,0.2485843196898699,1.1517684124410157
42,2.0291002186038827,0.21972903481012654,BN,noniid,balanced,0,0.3876764539152384,1.1420217862725257
43,1.968214773980877,0.2418611550632912,BN,noniid,balanced,0,0.32614560718983415,1.164090586155653
44,2.072423316858992,0.21670292721518986,BN,noniid,balanced,0,0.33116177100241184,1.019475908875465
45,2.183586715293836,0.21809731012658232,BN,noniid,balanced,0,0.4484004561424255,1.1011728733778
46,2.164811581901357,0.2198674841772152,BN,noniid,balanced,0,0.3707953929662705,1.230994656383991
47,2.111566090734699,0.2276799841772152,BN,noniid,balanced,0,0.2802734360471368,1.323145044893026
48,2.040173530427716,0.2403481012658228,BN,noniid,balanced,0,0.23526804906725887,1.3435668332874775
49,2.0018719154068187,0.2461431962025317,BN,noniid,balanced,0,0.27116850693821903,1.2771306639909743
50,1.9730000221276585,0.258534414556962,BN,noniid,balanced,0,0.44716864085197444,1.1320116226375103
1,2.527308207825769,0.0996242088607595,BN,noniid,unbalanced,0,0.33707346703024477,2.271341824531555
2,2.681714971759652,0.10782238924050631,BN,noniid,unbalanced,0,0.2037228075110394,1.211865035865618
3,2.4357371743721297,0.09932753164556962,BN,noniid,unbalanced,0,0.12082453474402428,1.472553208896092
4,2.54435829905015,0.1,BN,noniid,unbalanced,0,0.16636359408166673,1.3754902973771097
5,2.772981452640099,0.13147745253164556,BN,noniid,unbalanced,0,0.191496673097736,1.1699398704265294
6,2.3346475269221054,0.1130142405063291,BN,noniid,unbalanced,0,0.13375172613967548,1.4558858288960024
7,2.587400925008557,0.1707575158227848,BN,noniid,unbalanced,0,0.2894855193904152,1.2012953882967985
8,2.655004268658312,0.1033623417721519,BN,noniid,unbalanced,0,0.20357871263557006,1.1956256096561748
9,2.5676376535922665,0.10006922468354432,BN,noniid,unbalanced,0,0.1948139276829633,1.3691234556111422
10,2.506266295457188,0.11685126582278482,BN,noniid,unbalanced,0,0.3156551187540356,1.2050144410447072
11,2.3281371406362026,0.16395371835443034,BN,noniid,unbalanced,0,0.235266724316279,1.1570986460149288
12,2.4348345361178434,0.15691257911392403,BN,noniid,unbalanced,0,0.15608560630480448,1.1299249150355657
13,2.225585130951073,0.18515625,BN,noniid,unbalanced,0,0.22094569998383523,1.253130065649748
14,2.2061339888391616,0.15727848101265823,BN,noniid,unbalanced,0,0.1970350450082467,1.2559023692057685
15,2.2724622696260863,0.1932357594936709,BN,noniid,unbalanced,0,0.26454624933474935,1.106738607507003
16,2.3428815057006065,0.1806764240506329,BN,noniid,unbalanced,0,0.24564056076606117,1.1516129101316137
17,2.150595217565947,0.19077333860759488,BN,noniid,unbalanced,0,0.2614833375726427,1.169483032822609
18,2.288567224333558,0.1677808544303797,BN,noniid,unbalanced,0,0.31525760428801824,1.1063706282688224
19,2.3069387363482123,0.1878362341772152,BN,noniid,unbalanced,0,0.23178361344472925,1.2383499874310062
20,2.206080956700482,0.16256922468354432,BN,noniid,unbalanced,0,0.28421346369385725,1.239319307839169
21,2.122240602366532,0.1662776898734177,BN,noniid,unbalanced,0,0.2607534104415348,1.2126847308306468
22,2.19373434797118,0.1567543512658228,BN,noniid,unbalanced,0,0.2586122940519582,1.1488897152568982
23,2.2407482049133205,0.17946993670886074,BN,noniid,unbalanced,0,0.3454000357075741,1.0905139618798303
24,2.120571765416785,0.1925929588607595,BN,noniid,unbalanced,0,0.18796094513880585,1.270051006737508
25,2.170945766605908,0.17236946202531644,BN,noniid,unbalanced,0,0.28653355015136983,1.2248696076599033
26,2.0856228389317475,0.196123417721519,BN,noniid,unbalanced,0,0.17602282263403352,1.3340942113295846
27,2.1973228561727307,0.19417523734177217,BN,noniid,unbalanced,0,0.39897432804107674,1.2178896768391132
28,2.132868029346949,0.19289952531645568,BN,noniid,unbalanced,0,0.20885197812860662,1.2875108802860435
29,2.204186485688897,0.1922863924050633,BN,noniid,unbalanced,0,0.3144054755419493,1.2026433959603309
30,2.1823894927773293,0.22280458860759494,BN,noniid,unbalanced,0,0.3031198177229274,1.1646813801743767
31,2.1243573359296293,0.22519778481012653,BN,noniid,unbalanced,0,0.30043101409219564,1.279208445407095
32,2.1775183425673954,0.2114418512658228,BN,noniid,unbalanced,0,0.3352504395816637,1.1665544119865998
33,2.210461743873886,0.1991099683544304,BN,noniid,unbalanced,0,0.2774800711075465,1.1715762885080443
34,2.1044321087342275,0.22072784810126583,BN,noniid,unbalanced,0,0.24505884442329404,1.2131019777059555
35,2.1240854723544063,0.20287776898734178,BN,noniid,unbalanced,0,0.3008938828474946,1.3314193553394742
36,2.0860146777539312,0.215595332278481,BN,noniid,unbalanced,0,0.3109507940080431,1.1814226711789766
37,2.086209815212443,0.21532832278481012,BN,noniid,unbalanced,0,0.248163234770298,1.2029063791036605
38,2.106762481490268,0.1967464398734177,BN,noniid,unbalanced,0,0.2442740531563759,1.2730143616978942
39,2.0802142943008035,0.22491099683544308,BN,noniid,unbalanced,0,0.1800015373669172,1.242721884187899
40,2.096969270857074,0.2134493670886076,BN,noniid,unbalanced,0,0.3074187376260757,1.3434603074193
41,2.0595013595834564,0.2394976265822785,BN,noniid,unbalanced,0,0.289112000877207,1.247644325413487
42,2.0687715901604182,0.23489912974683547,BN,noniid,unbalanced,0,0.2730670162502088,1.4425320515507143
43,2.063149578661858,0.23401898734177218,BN,noniid,unbalanced,0,0.2342322957379123,1.2423773470024266
44,2.0408787829966486,0.2391910601265823,BN,noniid,unbalanced,0,0.210801918790454,1.2190010368824002
45,2.0587215987941887,0.22933148734177217,BN,noniid,unbalanced,0,0.30536210115041057,1.3388389104888554
46,2.051284168792676,0.23106210443037972,BN,noniid,unbalanced,0,0.2335425624996424,1.22118611112237
47,2.049481475655037,0.23083465189873417,BN,noniid,unbalanced,0,0.2625211916317542,1.3229897888998192
48,2.03565291000318,0.2365011867088608,BN,noniid,unbalanced,0,0.22387810879487252,1.316423134620373
49,2.048834540572348,0.22939082278481013,BN,noniid,unbalanced,0,0.2526938928763072,1.437327111760775
50,2.0522450213190875,0.22259691455696204,BN,noniid,unbalanced,0,0.18616427348454792,1.4082921675841011
